<gpx><trk><trkseg><trkpt lat="36.2000047" lon="-115.0999785"><ele>620.02</ele><time>2026-10-01T18:00:00.000Z</time></trkpt><trkpt lat="36.2000093" lon="-115.0999570"><ele>620.04</ele><time>2026-10-01T18:00:00.100Z</time></trkpt><trkpt lat="36.2000140" lon="-115.0999355"><ele>620.06</ele><time>2026-10-01T18:00:00.200Z</time></trkpt><trkpt lat="36.2000186" lon="-115.0999139"><ele>620.08</ele><time>2026-10-01T18:00:00.300Z</time></trkpt><trkpt lat="36.2000233" lon="-115.0998924"><ele>620.10</ele><time>2026-10-01T18:00:00.400Z</time></trkpt><trkpt lat="36.2000279" lon="-115.0998709"><ele>620.12</ele><time>2026-10-01T18:00:00.500Z</time></trkpt><trkpt lat="36.2000326" lon="-115.0998493"><ele>620.14</ele><time>2026-10-01T18:00:00.600Z</time></trkpt><trkpt lat="36.2000372" lon="-115.0998278"><ele>620.16</ele><time>2026-10-01T18:00:00.700Z</time></trkpt><trkpt lat="36.2000419" lon="-115.0998062"><ele>620.18</ele><time>2026-10-01T18:00:00.800Z</time></trkpt><trkpt lat="36.2000466" lon="-115.0997847"><ele>620.20</ele><time>2026-10-01T18:00:00.900Z</time></trkpt><trkpt lat="36.2000512" lon="-115.0997631"><ele>620.22</ele><time>2026-10-01T18:00:01.000Z</time></trkpt><trkpt lat="36.2000559" lon="-115.0997415"><ele>620.24</ele><time>2026-10-01T18:00:01.100Z</time></trkpt><trkpt lat="36.2000606" lon="-115.0997199"><ele>620.26</ele><time>2026-10-01T18:00:01.200Z</time></trkpt><trkpt lat="36.2000652" lon="-115.0996983"><ele>620.28</ele><time>2026-10-01T18:00:01.300Z</time></trkpt><trkpt lat="36.2000699" lon="-115.0996767"><ele>620.30</ele><time>2026-10-01T18:00:01.400Z</time></trkpt><trkpt lat="36.2000746" lon="-115.0996551"><ele>620.32</ele><time>2026-10-01T18:00:01.500Z</time></trkpt><trkpt lat="36.2000792" lon="-115.0996335"><ele>620.34</ele><time>2026-10-01T18:00:01.600Z</time></trkpt><trkpt lat="36.2000839" lon="-115.0996119"><ele>620.36</ele><time>2026-10-01T18:00:01.700Z</time></trkpt><trkpt lat="36.2000886" lon="-115.0995902"><ele>620.38</ele><time>2026-10-01T18:00:01.800Z</time></trkpt><trkpt lat="36.2000933" lon="-115.0995686"><ele>620.40</ele><time>2026-10-01T18:00:01.900Z</time></trkpt><trkpt lat="36.2000980" lon="-115.0995470"><ele>620.42</ele><time>2026-10-01T18:00:02.000Z</time></trkpt><trkpt lat="36.2001026" lon="-115.0995253"><ele>620.44</ele><time>2026-10-01T18:00:02.100Z</time></trkpt><trkpt lat="36.2001073" lon="-115.0995036"><ele>620.46</ele><time>2026-10-01T18:00:02.200Z</time></trkpt><trkpt lat="36.2001120" lon="-115.0994820"><ele>620.48</ele><time>2026-10-01T18:00:02.300Z</time></trkpt><trkpt lat="36.2001167" lon="-115.0994603"><ele>620.50</ele><time>2026-10-01T18:00:02.400Z</time></trkpt><trkpt lat="36.2001214" lon="-115.0994386"><ele>620.52</ele><time>2026-10-01T18:00:02.500Z</time></trkpt><trkpt lat="36.2001261" lon="-115.0994169"><ele>620.54</ele><time>2026-10-01T18:00:02.600Z</time></trkpt><trkpt lat="36.2001308" lon="-115.0993952"><ele>620.56</ele><time>2026-10-01T18:00:02.700Z</time></trkpt><trkpt lat="36.2001355" lon="-115.0993735"><ele>620.58</ele><time>2026-10-01T18:00:02.800Z</time></trkpt><trkpt lat="36.2001402" lon="-115.0993518"><ele>620.60</ele><time>2026-10-01T18:00:02.900Z</time></trkpt><trkpt lat="36.2001448" lon="-115.0993301"><ele>620.62</ele><time>2026-10-01T18:00:03.000Z</time></trkpt><trkpt lat="36.2001495" lon="-115.0993084"><ele>620.64</ele><time>2026-10-01T18:00:03.100Z</time></trkpt><trkpt lat="36.2001542" lon="-115.0992867"><ele>620.66</ele><time>2026-10-01T18:00:03.200Z</time></trkpt><trkpt lat="36.2001589" lon="-115.0992649"><ele>620.68</ele><time>2026-10-01T18:00:03.300Z</time></trkpt><trkpt lat="36.2001636" lon="-115.0992432"><ele>620.70</ele><time>2026-10-01T18:00:03.400Z</time></trkpt><trkpt lat="36.2001683" lon="-115.0992214"><ele>620.72</ele><time>2026-10-01T18:00:03.500Z</time></trkpt><trkpt lat="36.2001731" lon="-115.0991997"><ele>620.74</ele><time>2026-10-01T18:00:03.600Z</time></trkpt><trkpt lat="36.2001778" lon="-115.0991779"><ele>620.76</ele><time>2026-10-01T18:00:03.700Z</time></trkpt><trkpt lat="36.2001825" lon="-115.0991561"><ele>620.78</ele><time>2026-10-01T18:00:03.800Z</time></trkpt><trkpt lat="36.2001872" lon="-115.0991343"><ele>620.81</ele><time>2026-10-01T18:00:03.900Z</time></trkpt><trkpt lat="36.2001919" lon="-115.0991125"><ele>620.83</ele><time>2026-10-01T18:00:04.000Z</time></trkpt><trkpt lat="36.2001966" lon="-115.0990907"><ele>620.85</ele><time>2026-10-01T18:00:04.100Z</time></trkpt><trkpt lat="36.2002013" lon="-115.0990689"><ele>620.87</ele><time>2026-10-01T18:00:04.200Z</time></trkpt><trkpt lat="36.2002060" lon="-115.0990471"><ele>620.89</ele><time>2026-10-01T18:00:04.300Z</time></trkpt><trkpt lat="36.2002108" lon="-115.0990253"><ele>620.91</ele><time>2026-10-01T18:00:04.400Z</time></trkpt><trkpt lat="36.2002155" lon="-115.0990035"><ele>620.93</ele><time>2026-10-01T18:00:04.500Z</time></trkpt><trkpt lat="36.2002202" lon="-115.0989817"><ele>620.95</ele><time>2026-10-01T18:00:04.600Z</time></trkpt><trkpt lat="36.2002249" lon="-115.0989598"><ele>620.97</ele><time>2026-10-01T18:00:04.700Z</time></trkpt><trkpt lat="36.2002296" lon="-115.0989380"><ele>620.99</ele><time>2026-10-01T18:00:04.800Z</time></trkpt><trkpt lat="36.2002344" lon="-115.0989161"><ele>621.01</ele><time>2026-10-01T18:00:04.900Z</time></trkpt><trkpt lat="36.2002391" lon="-115.0988943"><ele>621.03</ele><time>2026-10-01T18:00:05.000Z</time></trkpt><trkpt lat="36.2002438" lon="-115.0988724"><ele>621.05</ele><time>2026-10-01T18:00:05.100Z</time></trkpt><trkpt lat="36.2002485" lon="-115.0988505"><ele>621.07</ele><time>2026-10-01T18:00:05.200Z</time></trkpt><trkpt lat="36.2002533" lon="-115.0988286"><ele>621.09</ele><time>2026-10-01T18:00:05.300Z</time></trkpt><trkpt lat="36.2002580" lon="-115.0988067"><ele>621.11</ele><time>2026-10-01T18:00:05.400Z</time></trkpt><trkpt lat="36.2002627" lon="-115.0987849"><ele>621.13</ele><time>2026-10-01T18:00:05.500Z</time></trkpt><trkpt lat="36.2002675" lon="-115.0987629"><ele>621.15</ele><time>2026-10-01T18:00:05.600Z</time></trkpt><trkpt lat="36.2002722" lon="-115.0987410"><ele>621.17</ele><time>2026-10-01T18:00:05.700Z</time></trkpt><trkpt lat="36.2002770" lon="-115.0987191"><ele>621.19</ele><time>2026-10-01T18:00:05.800Z</time></trkpt><trkpt lat="36.2002817" lon="-115.0986972"><ele>621.21</ele><time>2026-10-01T18:00:05.900Z</time></trkpt><trkpt lat="36.2002864" lon="-115.0986753"><ele>621.23</ele><time>2026-10-01T18:00:06.000Z</time></trkpt><trkpt lat="36.2002912" lon="-115.0986533"><ele>621.25</ele><time>2026-10-01T18:00:06.100Z</time></trkpt><trkpt lat="36.2002959" lon="-115.0986314"><ele>621.27</ele><time>2026-10-01T18:00:06.200Z</time></trkpt><trkpt lat="36.2003007" lon="-115.0986094"><ele>621.29</ele><time>2026-10-01T18:00:06.300Z</time></trkpt><trkpt lat="36.2003054" lon="-115.0985875"><ele>621.31</ele><time>2026-10-01T18:00:06.400Z</time></trkpt><trkpt lat="36.2003102" lon="-115.0985655"><ele>621.33</ele><time>2026-10-01T18:00:06.500Z</time></trkpt><trkpt lat="36.2003149" lon="-115.0985435"><ele>621.35</ele><time>2026-10-01T18:00:06.600Z</time></trkpt><trkpt lat="36.2003197" lon="-115.0985215"><ele>621.37</ele><time>2026-10-01T18:00:06.700Z</time></trkpt><trkpt lat="36.2003244" lon="-115.0984996"><ele>621.40</ele><time>2026-10-01T18:00:06.800Z</time></trkpt><trkpt lat="36.2003292" lon="-115.0984776"><ele>621.42</ele><time>2026-10-01T18:00:06.900Z</time></trkpt><trkpt lat="36.2003339" lon="-115.0984556"><ele>621.44</ele><time>2026-10-01T18:00:07.000Z</time></trkpt><trkpt lat="36.2003387" lon="-115.0984335"><ele>621.46</ele><time>2026-10-01T18:00:07.100Z</time></trkpt><trkpt lat="36.2003435" lon="-115.0984115"><ele>621.48</ele><time>2026-10-01T18:00:07.200Z</time></trkpt><trkpt lat="36.2003482" lon="-115.0983895"><ele>621.50</ele><time>2026-10-01T18:00:07.300Z</time></trkpt><trkpt lat="36.2003530" lon="-115.0983675"><ele>621.52</ele><time>2026-10-01T18:00:07.400Z</time></trkpt><trkpt lat="36.2003578" lon="-115.0983454"><ele>621.54</ele><time>2026-10-01T18:00:07.500Z</time></trkpt><trkpt lat="36.2003625" lon="-115.0983234"><ele>621.56</ele><time>2026-10-01T18:00:07.600Z</time></trkpt><trkpt lat="36.2003673" lon="-115.0983013"><ele>621.58</ele><time>2026-10-01T18:00:07.700Z</time></trkpt><trkpt lat="36.2003721" lon="-115.0982793"><ele>621.60</ele><time>2026-10-01T18:00:07.800Z</time></trkpt><trkpt lat="36.2003768" lon="-115.0982572"><ele>621.62</ele><time>2026-10-01T18:00:07.900Z</time></trkpt><trkpt lat="36.2003816" lon="-115.0982351"><ele>621.64</ele><time>2026-10-01T18:00:08.000Z</time></trkpt><trkpt lat="36.2003864" lon="-115.0982130"><ele>621.66</ele><time>2026-10-01T18:00:08.100Z</time></trkpt><trkpt lat="36.2003912" lon="-115.0981909"><ele>621.68</ele><time>2026-10-01T18:00:08.200Z</time></trkpt><trkpt lat="36.2003959" lon="-115.0981689"><ele>621.70</ele><time>2026-10-01T18:00:08.300Z</time></trkpt><trkpt lat="36.2004007" lon="-115.0981467"><ele>621.72</ele><time>2026-10-01T18:00:08.400Z</time></trkpt><trkpt lat="36.2004055" lon="-115.0981246"><ele>621.74</ele><time>2026-10-01T18:00:08.500Z</time></trkpt><trkpt lat="36.2004103" lon="-115.0981025"><ele>621.76</ele><time>2026-10-01T18:00:08.600Z</time></trkpt><trkpt lat="36.2004151" lon="-115.0980804"><ele>621.79</ele><time>2026-10-01T18:00:08.700Z</time></trkpt><trkpt lat="36.2004199" lon="-115.0980583"><ele>621.81</ele><time>2026-10-01T18:00:08.800Z</time></trkpt><trkpt lat="36.2004246" lon="-115.0980361"><ele>621.83</ele><time>2026-10-01T18:00:08.900Z</time></trkpt><trkpt lat="36.2004294" lon="-115.0980140"><ele>621.85</ele><time>2026-10-01T18:00:09.000Z</time></trkpt><trkpt lat="36.2004342" lon="-115.0979918"><ele>621.87</ele><time>2026-10-01T18:00:09.100Z</time></trkpt><trkpt lat="36.2004390" lon="-115.0979697"><ele>621.89</ele><time>2026-10-01T18:00:09.200Z</time></trkpt><trkpt lat="36.2004438" lon="-115.0979475"><ele>621.91</ele><time>2026-10-01T18:00:09.300Z</time></trkpt><trkpt lat="36.2004486" lon="-115.0979253"><ele>621.93</ele><time>2026-10-01T18:00:09.400Z</time></trkpt><trkpt lat="36.2004534" lon="-115.0979031"><ele>621.95</ele><time>2026-10-01T18:00:09.500Z</time></trkpt><trkpt lat="36.2004582" lon="-115.0978809"><ele>621.97</ele><time>2026-10-01T18:00:09.600Z</time></trkpt><trkpt lat="36.2004630" lon="-115.0978587"><ele>621.99</ele><time>2026-10-01T18:00:09.700Z</time></trkpt><trkpt lat="36.2004678" lon="-115.0978365"><ele>622.01</ele><time>2026-10-01T18:00:09.800Z</time></trkpt><trkpt lat="36.2004726" lon="-115.0978143"><ele>622.03</ele><time>2026-10-01T18:00:09.900Z</time></trkpt><trkpt lat="36.2004774" lon="-115.0977921"><ele>622.05</ele><time>2026-10-01T18:00:10.000Z</time></trkpt><trkpt lat="36.2004822" lon="-115.0977699"><ele>622.07</ele><time>2026-10-01T18:00:10.100Z</time></trkpt><trkpt lat="36.2004870" lon="-115.0977476"><ele>622.09</ele><time>2026-10-01T18:00:10.200Z</time></trkpt><trkpt lat="36.2004918" lon="-115.0977254"><ele>622.12</ele><time>2026-10-01T18:00:10.300Z</time></trkpt><trkpt lat="36.2004966" lon="-115.0977032"><ele>622.14</ele><time>2026-10-01T18:00:10.400Z</time></trkpt><trkpt lat="36.2005014" lon="-115.0976809"><ele>622.16</ele><time>2026-10-01T18:00:10.500Z</time></trkpt><trkpt lat="36.2005063" lon="-115.0976586"><ele>622.18</ele><time>2026-10-01T18:00:10.600Z</time></trkpt><trkpt lat="36.2005111" lon="-115.0976364"><ele>622.20</ele><time>2026-10-01T18:00:10.700Z</time></trkpt><trkpt lat="36.2005159" lon="-115.0976141"><ele>622.22</ele><time>2026-10-01T18:00:10.800Z</time></trkpt><trkpt lat="36.2005207" lon="-115.0975918"><ele>622.24</ele><time>2026-10-01T18:00:10.900Z</time></trkpt><trkpt lat="36.2005255" lon="-115.0975695"><ele>622.26</ele><time>2026-10-01T18:00:11.000Z</time></trkpt><trkpt lat="36.2005303" lon="-115.0975472"><ele>622.28</ele><time>2026-10-01T18:00:11.100Z</time></trkpt><trkpt lat="36.2005352" lon="-115.0975249"><ele>622.30</ele><time>2026-10-01T18:00:11.200Z</time></trkpt><trkpt lat="36.2005400" lon="-115.0975026"><ele>622.32</ele><time>2026-10-01T18:00:11.300Z</time></trkpt><trkpt lat="36.2005448" lon="-115.0974803"><ele>622.34</ele><time>2026-10-01T18:00:11.400Z</time></trkpt><trkpt lat="36.2005496" lon="-115.0974580"><ele>622.36</ele><time>2026-10-01T18:00:11.500Z</time></trkpt><trkpt lat="36.2005545" lon="-115.0974356"><ele>622.38</ele><time>2026-10-01T18:00:11.600Z</time></trkpt><trkpt lat="36.2005593" lon="-115.0974133"><ele>622.41</ele><time>2026-10-01T18:00:11.700Z</time></trkpt><trkpt lat="36.2005641" lon="-115.0973909"><ele>622.43</ele><time>2026-10-01T18:00:11.800Z</time></trkpt><trkpt lat="36.2005690" lon="-115.0973686"><ele>622.45</ele><time>2026-10-01T18:00:11.900Z</time></trkpt><trkpt lat="36.2005738" lon="-115.0973462"><ele>622.47</ele><time>2026-10-01T18:00:12.000Z</time></trkpt><trkpt lat="36.2005786" lon="-115.0973239"><ele>622.49</ele><time>2026-10-01T18:00:12.100Z</time></trkpt><trkpt lat="36.2005835" lon="-115.0973015"><ele>622.51</ele><time>2026-10-01T18:00:12.200Z</time></trkpt><trkpt lat="36.2005883" lon="-115.0972791"><ele>622.53</ele><time>2026-10-01T18:00:12.300Z</time></trkpt><trkpt lat="36.2005932" lon="-115.0972567"><ele>622.55</ele><time>2026-10-01T18:00:12.400Z</time></trkpt><trkpt lat="36.2005980" lon="-115.0972343"><ele>622.57</ele><time>2026-10-01T18:00:12.500Z</time></trkpt><trkpt lat="36.2006029" lon="-115.0972119"><ele>622.59</ele><time>2026-10-01T18:00:12.600Z</time></trkpt><trkpt lat="36.2006077" lon="-115.0971895"><ele>622.61</ele><time>2026-10-01T18:00:12.700Z</time></trkpt><trkpt lat="36.2006125" lon="-115.0971671"><ele>622.63</ele><time>2026-10-01T18:00:12.800Z</time></trkpt><trkpt lat="36.2006174" lon="-115.0971446"><ele>622.66</ele><time>2026-10-01T18:00:12.900Z</time></trkpt><trkpt lat="36.2006222" lon="-115.0971222"><ele>622.68</ele><time>2026-10-01T18:00:13.000Z</time></trkpt><trkpt lat="36.2006271" lon="-115.0970998"><ele>622.70</ele><time>2026-10-01T18:00:13.100Z</time></trkpt><trkpt lat="36.2006320" lon="-115.0970773"><ele>622.72</ele><time>2026-10-01T18:00:13.200Z</time></trkpt><trkpt lat="36.2006368" lon="-115.0970549"><ele>622.74</ele><time>2026-10-01T18:00:13.300Z</time></trkpt><trkpt lat="36.2006417" lon="-115.0970324"><ele>622.76</ele><time>2026-10-01T18:00:13.400Z</time></trkpt><trkpt lat="36.2006465" lon="-115.0970099"><ele>622.78</ele><time>2026-10-01T18:00:13.500Z</time></trkpt><trkpt lat="36.2006514" lon="-115.0969875"><ele>622.80</ele><time>2026-10-01T18:00:13.600Z</time></trkpt><trkpt lat="36.2006562" lon="-115.0969650"><ele>622.82</ele><time>2026-10-01T18:00:13.700Z</time></trkpt><trkpt lat="36.2006611" lon="-115.0969425"><ele>622.84</ele><time>2026-10-01T18:00:13.800Z</time></trkpt><trkpt lat="36.2006660" lon="-115.0969200"><ele>622.86</ele><time>2026-10-01T18:00:13.900Z</time></trkpt><trkpt lat="36.2006708" lon="-115.0968975"><ele>622.89</ele><time>2026-10-01T18:00:14.000Z</time></trkpt><trkpt lat="36.2006757" lon="-115.0968750"><ele>622.91</ele><time>2026-10-01T18:00:14.100Z</time></trkpt><trkpt lat="36.2006806" lon="-115.0968524"><ele>622.93</ele><time>2026-10-01T18:00:14.200Z</time></trkpt><trkpt lat="36.2006854" lon="-115.0968299"><ele>622.95</ele><time>2026-10-01T18:00:14.300Z</time></trkpt><trkpt lat="36.2006903" lon="-115.0968074"><ele>622.97</ele><time>2026-10-01T18:00:14.400Z</time></trkpt><trkpt lat="36.2006952" lon="-115.0967848"><ele>622.99</ele><time>2026-10-01T18:00:14.500Z</time></trkpt><trkpt lat="36.2007001" lon="-115.0967623"><ele>623.01</ele><time>2026-10-01T18:00:14.600Z</time></trkpt><trkpt lat="36.2007049" lon="-115.0967397"><ele>623.03</ele><time>2026-10-01T18:00:14.700Z</time></trkpt><trkpt lat="36.2007098" lon="-115.0967172"><ele>623.05</ele><time>2026-10-01T18:00:14.800Z</time></trkpt><trkpt lat="36.2007147" lon="-115.0966946"><ele>623.07</ele><time>2026-10-01T18:00:14.900Z</time></trkpt><trkpt lat="36.2007196" lon="-115.0966720"><ele>623.09</ele><time>2026-10-01T18:00:15.000Z</time></trkpt><trkpt lat="36.2007245" lon="-115.0966494"><ele>623.12</ele><time>2026-10-01T18:00:15.100Z</time></trkpt><trkpt lat="36.2007294" lon="-115.0966269"><ele>623.14</ele><time>2026-10-01T18:00:15.200Z</time></trkpt><trkpt lat="36.2007342" lon="-115.0966043"><ele>623.16</ele><time>2026-10-01T18:00:15.300Z</time></trkpt><trkpt lat="36.2007391" lon="-115.0965817"><ele>623.18</ele><time>2026-10-01T18:00:15.400Z</time></trkpt><trkpt lat="36.2007440" lon="-115.0965590"><ele>623.20</ele><time>2026-10-01T18:00:15.500Z</time></trkpt><trkpt lat="36.2007489" lon="-115.0965364"><ele>623.22</ele><time>2026-10-01T18:00:15.600Z</time></trkpt><trkpt lat="36.2007538" lon="-115.0965138"><ele>623.24</ele><time>2026-10-01T18:00:15.700Z</time></trkpt><trkpt lat="36.2007587" lon="-115.0964912"><ele>623.26</ele><time>2026-10-01T18:00:15.800Z</time></trkpt><trkpt lat="36.2007636" lon="-115.0964685"><ele>623.28</ele><time>2026-10-01T18:00:15.900Z</time></trkpt><trkpt lat="36.2007685" lon="-115.0964459"><ele>623.31</ele><time>2026-10-01T18:00:16.000Z</time></trkpt><trkpt lat="36.2007734" lon="-115.0964232"><ele>623.33</ele><time>2026-10-01T18:00:16.100Z</time></trkpt><trkpt lat="36.2007783" lon="-115.0964005"><ele>623.35</ele><time>2026-10-01T18:00:16.200Z</time></trkpt><trkpt lat="36.2007832" lon="-115.0963779"><ele>623.37</ele><time>2026-10-01T18:00:16.300Z</time></trkpt><trkpt lat="36.2007881" lon="-115.0963552"><ele>623.39</ele><time>2026-10-01T18:00:16.400Z</time></trkpt><trkpt lat="36.2007930" lon="-115.0963325"><ele>623.41</ele><time>2026-10-01T18:00:16.500Z</time></trkpt><trkpt lat="36.2007979" lon="-115.0963098"><ele>623.43</ele><time>2026-10-01T18:00:16.600Z</time></trkpt><trkpt lat="36.2008028" lon="-115.0962871"><ele>623.45</ele><time>2026-10-01T18:00:16.700Z</time></trkpt><trkpt lat="36.2008077" lon="-115.0962644"><ele>623.47</ele><time>2026-10-01T18:00:16.800Z</time></trkpt><trkpt lat="36.2008126" lon="-115.0962417"><ele>623.50</ele><time>2026-10-01T18:00:16.900Z</time></trkpt><trkpt lat="36.2008175" lon="-115.0962190"><ele>623.52</ele><time>2026-10-01T18:00:17.000Z</time></trkpt><trkpt lat="36.2008225" lon="-115.0961963"><ele>623.54</ele><time>2026-10-01T18:00:17.100Z</time></trkpt><trkpt lat="36.2008274" lon="-115.0961735"><ele>623.56</ele><time>2026-10-01T18:00:17.200Z</time></trkpt><trkpt lat="36.2008323" lon="-115.0961508"><ele>623.58</ele><time>2026-10-01T18:00:17.300Z</time></trkpt><trkpt lat="36.2008372" lon="-115.0961280"><ele>623.60</ele><time>2026-10-01T18:00:17.400Z</time></trkpt><trkpt lat="36.2008421" lon="-115.0961053"><ele>623.62</ele><time>2026-10-01T18:00:17.500Z</time></trkpt><trkpt lat="36.2008471" lon="-115.0960825"><ele>623.64</ele><time>2026-10-01T18:00:17.600Z</time></trkpt><trkpt lat="36.2008520" lon="-115.0960597"><ele>623.66</ele><time>2026-10-01T18:00:17.700Z</time></trkpt><trkpt lat="36.2008569" lon="-115.0960370"><ele>623.69</ele><time>2026-10-01T18:00:17.800Z</time></trkpt><trkpt lat="36.2008618" lon="-115.0960142"><ele>623.71</ele><time>2026-10-01T18:00:17.900Z</time></trkpt><trkpt lat="36.2008668" lon="-115.0959914"><ele>623.73</ele><time>2026-10-01T18:00:18.000Z</time></trkpt><trkpt lat="36.2008717" lon="-115.0959686"><ele>623.75</ele><time>2026-10-01T18:00:18.100Z</time></trkpt><trkpt lat="36.2008766" lon="-115.0959458"><ele>623.77</ele><time>2026-10-01T18:00:18.200Z</time></trkpt><trkpt lat="36.2008816" lon="-115.0959230"><ele>623.79</ele><time>2026-10-01T18:00:18.300Z</time></trkpt><trkpt lat="36.2008865" lon="-115.0959001"><ele>623.81</ele><time>2026-10-01T18:00:18.400Z</time></trkpt><trkpt lat="36.2008914" lon="-115.0958773"><ele>623.83</ele><time>2026-10-01T18:00:18.500Z</time></trkpt><trkpt lat="36.2008964" lon="-115.0958545"><ele>623.86</ele><time>2026-10-01T18:00:18.600Z</time></trkpt><trkpt lat="36.2009013" lon="-115.0958316"><ele>623.88</ele><time>2026-10-01T18:00:18.700Z</time></trkpt><trkpt lat="36.2009062" lon="-115.0958088"><ele>623.90</ele><time>2026-10-01T18:00:18.800Z</time></trkpt><trkpt lat="36.2009112" lon="-115.0957859"><ele>623.92</ele><time>2026-10-01T18:00:18.900Z</time></trkpt><trkpt lat="36.2009161" lon="-115.0957631"><ele>623.94</ele><time>2026-10-01T18:00:19.000Z</time></trkpt><trkpt lat="36.2009211" lon="-115.0957402"><ele>623.96</ele><time>2026-10-01T18:00:19.100Z</time></trkpt><trkpt lat="36.2009260" lon="-115.0957173"><ele>623.98</ele><time>2026-10-01T18:00:19.200Z</time></trkpt><trkpt lat="36.2009310" lon="-115.0956944"><ele>624.00</ele><time>2026-10-01T18:00:19.300Z</time></trkpt><trkpt lat="36.2009359" lon="-115.0956715"><ele>624.03</ele><time>2026-10-01T18:00:19.400Z</time></trkpt><trkpt lat="36.2009409" lon="-115.0956486"><ele>624.05</ele><time>2026-10-01T18:00:19.500Z</time></trkpt><trkpt lat="36.2009458" lon="-115.0956257"><ele>624.07</ele><time>2026-10-01T18:00:19.600Z</time></trkpt><trkpt lat="36.2009508" lon="-115.0956028"><ele>624.09</ele><time>2026-10-01T18:00:19.700Z</time></trkpt><trkpt lat="36.2009557" lon="-115.0955799"><ele>624.11</ele><time>2026-10-01T18:00:19.800Z</time></trkpt><trkpt lat="36.2009607" lon="-115.0955570"><ele>624.13</ele><time>2026-10-01T18:00:19.900Z</time></trkpt><trkpt lat="36.2009657" lon="-115.0955340"><ele>624.15</ele><time>2026-10-01T18:00:20.000Z</time></trkpt><trkpt lat="36.2009706" lon="-115.0955111"><ele>624.17</ele><time>2026-10-01T18:00:20.100Z</time></trkpt><trkpt lat="36.2009756" lon="-115.0954881"><ele>624.20</ele><time>2026-10-01T18:00:20.200Z</time></trkpt><trkpt lat="36.2009805" lon="-115.0954652"><ele>624.22</ele><time>2026-10-01T18:00:20.300Z</time></trkpt><trkpt lat="36.2009855" lon="-115.0954422"><ele>624.24</ele><time>2026-10-01T18:00:20.400Z</time></trkpt><trkpt lat="36.2009905" lon="-115.0954193"><ele>624.26</ele><time>2026-10-01T18:00:20.500Z</time></trkpt><trkpt lat="36.2009954" lon="-115.0953963"><ele>624.28</ele><time>2026-10-01T18:00:20.600Z</time></trkpt><trkpt lat="36.2010004" lon="-115.0953733"><ele>624.30</ele><time>2026-10-01T18:00:20.700Z</time></trkpt><trkpt lat="36.2010054" lon="-115.0953503"><ele>624.32</ele><time>2026-10-01T18:00:20.800Z</time></trkpt><trkpt lat="36.2010104" lon="-115.0953273"><ele>624.35</ele><time>2026-10-01T18:00:20.900Z</time></trkpt><trkpt lat="36.2010153" lon="-115.0953043"><ele>624.37</ele><time>2026-10-01T18:00:21.000Z</time></trkpt><trkpt lat="36.2010203" lon="-115.0952813"><ele>624.39</ele><time>2026-10-01T18:00:21.100Z</time></trkpt><trkpt lat="36.2010253" lon="-115.0952583"><ele>624.41</ele><time>2026-10-01T18:00:21.200Z</time></trkpt><trkpt lat="36.2010303" lon="-115.0952352"><ele>624.43</ele><time>2026-10-01T18:00:21.300Z</time></trkpt><trkpt lat="36.2010352" lon="-115.0952122"><ele>624.45</ele><time>2026-10-01T18:00:21.400Z</time></trkpt><trkpt lat="36.2010402" lon="-115.0951891"><ele>624.47</ele><time>2026-10-01T18:00:21.500Z</time></trkpt><trkpt lat="36.2010452" lon="-115.0951661"><ele>624.50</ele><time>2026-10-01T18:00:21.600Z</time></trkpt><trkpt lat="36.2010502" lon="-115.0951430"><ele>624.52</ele><time>2026-10-01T18:00:21.700Z</time></trkpt><trkpt lat="36.2010552" lon="-115.0951200"><ele>624.54</ele><time>2026-10-01T18:00:21.800Z</time></trkpt><trkpt lat="36.2010602" lon="-115.0950969"><ele>624.56</ele><time>2026-10-01T18:00:21.900Z</time></trkpt><trkpt lat="36.2010652" lon="-115.0950738"><ele>624.58</ele><time>2026-10-01T18:00:22.000Z</time></trkpt><trkpt lat="36.2010702" lon="-115.0950507"><ele>624.60</ele><time>2026-10-01T18:00:22.100Z</time></trkpt><trkpt lat="36.2010751" lon="-115.0950276"><ele>624.62</ele><time>2026-10-01T18:00:22.200Z</time></trkpt><trkpt lat="36.2010801" lon="-115.0950045"><ele>624.65</ele><time>2026-10-01T18:00:22.300Z</time></trkpt><trkpt lat="36.2010851" lon="-115.0949814"><ele>624.67</ele><time>2026-10-01T18:00:22.400Z</time></trkpt><trkpt lat="36.2010901" lon="-115.0949583"><ele>624.69</ele><time>2026-10-01T18:00:22.500Z</time></trkpt><trkpt lat="36.2010951" lon="-115.0949352"><ele>624.71</ele><time>2026-10-01T18:00:22.600Z</time></trkpt><trkpt lat="36.2011001" lon="-115.0949121"><ele>624.73</ele><time>2026-10-01T18:00:22.700Z</time></trkpt><trkpt lat="36.2011051" lon="-115.0948889"><ele>624.75</ele><time>2026-10-01T18:00:22.800Z</time></trkpt><trkpt lat="36.2011101" lon="-115.0948658"><ele>624.77</ele><time>2026-10-01T18:00:22.900Z</time></trkpt><trkpt lat="36.2011151" lon="-115.0948426"><ele>624.80</ele><time>2026-10-01T18:00:23.000Z</time></trkpt><trkpt lat="36.2011202" lon="-115.0948195"><ele>624.82</ele><time>2026-10-01T18:00:23.100Z</time></trkpt><trkpt lat="36.2011252" lon="-115.0947963"><ele>624.84</ele><time>2026-10-01T18:00:23.200Z</time></trkpt><trkpt lat="36.2011302" lon="-115.0947731"><ele>624.86</ele><time>2026-10-01T18:00:23.300Z</time></trkpt><trkpt lat="36.2011352" lon="-115.0947500"><ele>624.88</ele><time>2026-10-01T18:00:23.400Z</time></trkpt><trkpt lat="36.2011402" lon="-115.0947268"><ele>624.90</ele><time>2026-10-01T18:00:23.500Z</time></trkpt><trkpt lat="36.2011452" lon="-115.0947036"><ele>624.93</ele><time>2026-10-01T18:00:23.600Z</time></trkpt><trkpt lat="36.2011502" lon="-115.0946804"><ele>624.95</ele><time>2026-10-01T18:00:23.700Z</time></trkpt><trkpt lat="36.2011552" lon="-115.0946572"><ele>624.97</ele><time>2026-10-01T18:00:23.800Z</time></trkpt><trkpt lat="36.2011603" lon="-115.0946340"><ele>624.99</ele><time>2026-10-01T18:00:23.900Z</time></trkpt><trkpt lat="36.2011653" lon="-115.0946107"><ele>625.01</ele><time>2026-10-01T18:00:24.000Z</time></trkpt><trkpt lat="36.2011703" lon="-115.0945875"><ele>625.03</ele><time>2026-10-01T18:00:24.100Z</time></trkpt><trkpt lat="36.2011753" lon="-115.0945643"><ele>625.06</ele><time>2026-10-01T18:00:24.200Z</time></trkpt><trkpt lat="36.2011804" lon="-115.0945410"><ele>625.08</ele><time>2026-10-01T18:00:24.300Z</time></trkpt><trkpt lat="36.2011854" lon="-115.0945178"><ele>625.10</ele><time>2026-10-01T18:00:24.400Z</time></trkpt><trkpt lat="36.2011904" lon="-115.0944945"><ele>625.12</ele><time>2026-10-01T18:00:24.500Z</time></trkpt><trkpt lat="36.2011955" lon="-115.0944713"><ele>625.14</ele><time>2026-10-01T18:00:24.600Z</time></trkpt><trkpt lat="36.2012005" lon="-115.0944480"><ele>625.16</ele><time>2026-10-01T18:00:24.700Z</time></trkpt><trkpt lat="36.2012055" lon="-115.0944247"><ele>625.19</ele><time>2026-10-01T18:00:24.800Z</time></trkpt><trkpt lat="36.2012106" lon="-115.0944014"><ele>625.21</ele><time>2026-10-01T18:00:24.900Z</time></trkpt><trkpt lat="36.2012156" lon="-115.0943781"><ele>625.23</ele><time>2026-10-01T18:00:25.000Z</time></trkpt><trkpt lat="36.2012206" lon="-115.0943548"><ele>625.25</ele><time>2026-10-01T18:00:25.100Z</time></trkpt><trkpt lat="36.2012257" lon="-115.0943315"><ele>625.27</ele><time>2026-10-01T18:00:25.200Z</time></trkpt><trkpt lat="36.2012307" lon="-115.0943082"><ele>625.29</ele><time>2026-10-01T18:00:25.300Z</time></trkpt><trkpt lat="36.2012358" lon="-115.0942849"><ele>625.32</ele><time>2026-10-01T18:00:25.400Z</time></trkpt><trkpt lat="36.2012408" lon="-115.0942615"><ele>625.34</ele><time>2026-10-01T18:00:25.500Z</time></trkpt><trkpt lat="36.2012458" lon="-115.0942382"><ele>625.36</ele><time>2026-10-01T18:00:25.600Z</time></trkpt><trkpt lat="36.2012509" lon="-115.0942149"><ele>625.38</ele><time>2026-10-01T18:00:25.700Z</time></trkpt><trkpt lat="36.2012559" lon="-115.0941915"><ele>625.40</ele><time>2026-10-01T18:00:25.800Z</time></trkpt><trkpt lat="36.2012610" lon="-115.0941682"><ele>625.42</ele><time>2026-10-01T18:00:25.900Z</time></trkpt><trkpt lat="36.2012660" lon="-115.0941448"><ele>625.45</ele><time>2026-10-01T18:00:26.000Z</time></trkpt><trkpt lat="36.2012711" lon="-115.0941214"><ele>625.47</ele><time>2026-10-01T18:00:26.100Z</time></trkpt><trkpt lat="36.2012761" lon="-115.0940980"><ele>625.49</ele><time>2026-10-01T18:00:26.200Z</time></trkpt><trkpt lat="36.2012812" lon="-115.0940746"><ele>625.51</ele><time>2026-10-01T18:00:26.300Z</time></trkpt><trkpt lat="36.2012863" lon="-115.0940513"><ele>625.53</ele><time>2026-10-01T18:00:26.400Z</time></trkpt><trkpt lat="36.2012913" lon="-115.0940278"><ele>625.55</ele><time>2026-10-01T18:00:26.500Z</time></trkpt><trkpt lat="36.2012964" lon="-115.0940044"><ele>625.58</ele><time>2026-10-01T18:00:26.600Z</time></trkpt><trkpt lat="36.2013014" lon="-115.0939810"><ele>625.60</ele><time>2026-10-01T18:00:26.700Z</time></trkpt><trkpt lat="36.2013065" lon="-115.0939576"><ele>625.62</ele><time>2026-10-01T18:00:26.800Z</time></trkpt><trkpt lat="36.2013116" lon="-115.0939342"><ele>625.64</ele><time>2026-10-01T18:00:26.900Z</time></trkpt><trkpt lat="36.2013166" lon="-115.0939107"><ele>625.66</ele><time>2026-10-01T18:00:27.000Z</time></trkpt><trkpt lat="36.2013217" lon="-115.0938873"><ele>625.68</ele><time>2026-10-01T18:00:27.100Z</time></trkpt><trkpt lat="36.2013268" lon="-115.0938638"><ele>625.71</ele><time>2026-10-01T18:00:27.200Z</time></trkpt><trkpt lat="36.2013319" lon="-115.0938404"><ele>625.73</ele><time>2026-10-01T18:00:27.300Z</time></trkpt><trkpt lat="36.2013369" lon="-115.0938169"><ele>625.75</ele><time>2026-10-01T18:00:27.400Z</time></trkpt><trkpt lat="36.2013420" lon="-115.0937934"><ele>625.77</ele><time>2026-10-01T18:00:27.500Z</time></trkpt><trkpt lat="36.2013471" lon="-115.0937700"><ele>625.79</ele><time>2026-10-01T18:00:27.600Z</time></trkpt><trkpt lat="36.2013522" lon="-115.0937465"><ele>625.82</ele><time>2026-10-01T18:00:27.700Z</time></trkpt><trkpt lat="36.2013572" lon="-115.0937230"><ele>625.84</ele><time>2026-10-01T18:00:27.800Z</time></trkpt><trkpt lat="36.2013623" lon="-115.0936995"><ele>625.86</ele><time>2026-10-01T18:00:27.900Z</time></trkpt><trkpt lat="36.2013674" lon="-115.0936760"><ele>625.88</ele><time>2026-10-01T18:00:28.000Z</time></trkpt><trkpt lat="36.2013725" lon="-115.0936524"><ele>625.90</ele><time>2026-10-01T18:00:28.100Z</time></trkpt><trkpt lat="36.2013776" lon="-115.0936289"><ele>625.93</ele><time>2026-10-01T18:00:28.200Z</time></trkpt><trkpt lat="36.2013827" lon="-115.0936054"><ele>625.95</ele><time>2026-10-01T18:00:28.300Z</time></trkpt><trkpt lat="36.2013878" lon="-115.0935819"><ele>625.97</ele><time>2026-10-01T18:00:28.400Z</time></trkpt><trkpt lat="36.2013928" lon="-115.0935583"><ele>625.99</ele><time>2026-10-01T18:00:28.500Z</time></trkpt><trkpt lat="36.2013979" lon="-115.0935348"><ele>626.01</ele><time>2026-10-01T18:00:28.600Z</time></trkpt><trkpt lat="36.2014030" lon="-115.0935112"><ele>626.03</ele><time>2026-10-01T18:00:28.700Z</time></trkpt><trkpt lat="36.2014081" lon="-115.0934876"><ele>626.06</ele><time>2026-10-01T18:00:28.800Z</time></trkpt><trkpt lat="36.2014132" lon="-115.0934641"><ele>626.08</ele><time>2026-10-01T18:00:28.900Z</time></trkpt><trkpt lat="36.2014183" lon="-115.0934405"><ele>626.10</ele><time>2026-10-01T18:00:29.000Z</time></trkpt><trkpt lat="36.2014234" lon="-115.0934169"><ele>626.12</ele><time>2026-10-01T18:00:29.100Z</time></trkpt><trkpt lat="36.2014285" lon="-115.0933933"><ele>626.14</ele><time>2026-10-01T18:00:29.200Z</time></trkpt><trkpt lat="36.2014336" lon="-115.0933697"><ele>626.17</ele><time>2026-10-01T18:00:29.300Z</time></trkpt><trkpt lat="36.2014387" lon="-115.0933461"><ele>626.19</ele><time>2026-10-01T18:00:29.400Z</time></trkpt><trkpt lat="36.2014438" lon="-115.0933225"><ele>626.21</ele><time>2026-10-01T18:00:29.500Z</time></trkpt><trkpt lat="36.2014490" lon="-115.0932988"><ele>626.23</ele><time>2026-10-01T18:00:29.600Z</time></trkpt><trkpt lat="36.2014541" lon="-115.0932752"><ele>626.25</ele><time>2026-10-01T18:00:29.700Z</time></trkpt><trkpt lat="36.2014592" lon="-115.0932516"><ele>626.28</ele><time>2026-10-01T18:00:29.800Z</time></trkpt><trkpt lat="36.2014643" lon="-115.0932279"><ele>626.30</ele><time>2026-10-01T18:00:29.900Z</time></trkpt><trkpt lat="36.2014685" lon="-115.0932084"><ele>626.32</ele><time>2026-10-01T18:00:30.000Z</time></trkpt><trkpt lat="36.2014718" lon="-115.0931930"><ele>626.33</ele><time>2026-10-01T18:00:30.100Z</time></trkpt><trkpt lat="36.2014752" lon="-115.0931777"><ele>626.34</ele><time>2026-10-01T18:00:30.200Z</time></trkpt><trkpt lat="36.2014785" lon="-115.0931623"><ele>626.36</ele><time>2026-10-01T18:00:30.300Z</time></trkpt><trkpt lat="36.2014818" lon="-115.0931469"><ele>626.37</ele><time>2026-10-01T18:00:30.400Z</time></trkpt><trkpt lat="36.2014851" lon="-115.0931315"><ele>626.39</ele><time>2026-10-01T18:00:30.500Z</time></trkpt><trkpt lat="36.2014885" lon="-115.0931161"><ele>626.40</ele><time>2026-10-01T18:00:30.600Z</time></trkpt><trkpt lat="36.2014918" lon="-115.0931007"><ele>626.42</ele><time>2026-10-01T18:00:30.700Z</time></trkpt><trkpt lat="36.2014952" lon="-115.0930851"><ele>626.43</ele><time>2026-10-01T18:00:30.800Z</time></trkpt><trkpt lat="36.2014986" lon="-115.0930693"><ele>626.45</ele><time>2026-10-01T18:00:30.900Z</time></trkpt><trkpt lat="36.2015021" lon="-115.0930532"><ele>626.46</ele><time>2026-10-01T18:00:31.000Z</time></trkpt><trkpt lat="36.2015056" lon="-115.0930368"><ele>626.48</ele><time>2026-10-01T18:00:31.100Z</time></trkpt><trkpt lat="36.2015091" lon="-115.0930205"><ele>626.49</ele><time>2026-10-01T18:00:31.200Z</time></trkpt><trkpt lat="36.2015127" lon="-115.0930041"><ele>626.51</ele><time>2026-10-01T18:00:31.300Z</time></trkpt><trkpt lat="36.2015162" lon="-115.0929878"><ele>626.52</ele><time>2026-10-01T18:00:31.400Z</time></trkpt><trkpt lat="36.2015198" lon="-115.0929712"><ele>626.54</ele><time>2026-10-01T18:00:31.500Z</time></trkpt><trkpt lat="36.2015234" lon="-115.0929544"><ele>626.55</ele><time>2026-10-01T18:00:31.600Z</time></trkpt><trkpt lat="36.2015271" lon="-115.0929375"><ele>626.57</ele><time>2026-10-01T18:00:31.700Z</time></trkpt><trkpt lat="36.2015308" lon="-115.0929205"><ele>626.58</ele><time>2026-10-01T18:00:31.800Z</time></trkpt><trkpt lat="36.2015345" lon="-115.0929032"><ele>626.60</ele><time>2026-10-01T18:00:31.900Z</time></trkpt><trkpt lat="36.2015383" lon="-115.0928856"><ele>626.62</ele><time>2026-10-01T18:00:32.000Z</time></trkpt><trkpt lat="36.2015421" lon="-115.0928678"><ele>626.63</ele><time>2026-10-01T18:00:32.100Z</time></trkpt><trkpt lat="36.2015460" lon="-115.0928501"><ele>626.65</ele><time>2026-10-01T18:00:32.200Z</time></trkpt><trkpt lat="36.2015498" lon="-115.0928323"><ele>626.67</ele><time>2026-10-01T18:00:32.300Z</time></trkpt><trkpt lat="36.2015537" lon="-115.0928143"><ele>626.68</ele><time>2026-10-01T18:00:32.400Z</time></trkpt><trkpt lat="36.2015577" lon="-115.0927960"><ele>626.70</ele><time>2026-10-01T18:00:32.500Z</time></trkpt><trkpt lat="36.2015617" lon="-115.0927775"><ele>626.72</ele><time>2026-10-01T18:00:32.600Z</time></trkpt><trkpt lat="36.2015657" lon="-115.0927587"><ele>626.73</ele><time>2026-10-01T18:00:32.700Z</time></trkpt><trkpt lat="36.2015698" lon="-115.0927400"><ele>626.75</ele><time>2026-10-01T18:00:32.800Z</time></trkpt><trkpt lat="36.2015739" lon="-115.0927210"><ele>626.77</ele><time>2026-10-01T18:00:32.900Z</time></trkpt><trkpt lat="36.2015781" lon="-115.0927018"><ele>626.79</ele><time>2026-10-01T18:00:33.000Z</time></trkpt><trkpt lat="36.2015822" lon="-115.0926825"><ele>626.81</ele><time>2026-10-01T18:00:33.100Z</time></trkpt><trkpt lat="36.2015864" lon="-115.0926633"><ele>626.82</ele><time>2026-10-01T18:00:33.200Z</time></trkpt><trkpt lat="36.2015906" lon="-115.0926438"><ele>626.84</ele><time>2026-10-01T18:00:33.300Z</time></trkpt><trkpt lat="36.2015949" lon="-115.0926239"><ele>626.86</ele><time>2026-10-01T18:00:33.400Z</time></trkpt><trkpt lat="36.2015993" lon="-115.0926037"><ele>626.88</ele><time>2026-10-01T18:00:33.500Z</time></trkpt><trkpt lat="36.2016036" lon="-115.0925835"><ele>626.90</ele><time>2026-10-01T18:00:33.600Z</time></trkpt><trkpt lat="36.2016080" lon="-115.0925631"><ele>626.92</ele><time>2026-10-01T18:00:33.700Z</time></trkpt><trkpt lat="36.2016125" lon="-115.0925424"><ele>626.94</ele><time>2026-10-01T18:00:33.800Z</time></trkpt><trkpt lat="36.2016170" lon="-115.0925218"><ele>626.95</ele><time>2026-10-01T18:00:33.900Z</time></trkpt><trkpt lat="36.2016215" lon="-115.0925008"><ele>626.97</ele><time>2026-10-01T18:00:34.000Z</time></trkpt><trkpt lat="36.2016261" lon="-115.0924795"><ele>626.99</ele><time>2026-10-01T18:00:34.100Z</time></trkpt><trkpt lat="36.2016308" lon="-115.0924578"><ele>627.01</ele><time>2026-10-01T18:00:34.200Z</time></trkpt><trkpt lat="36.2016355" lon="-115.0924362"><ele>627.03</ele><time>2026-10-01T18:00:34.300Z</time></trkpt><trkpt lat="36.2016402" lon="-115.0924143"><ele>627.05</ele><time>2026-10-01T18:00:34.400Z</time></trkpt><trkpt lat="36.2016450" lon="-115.0923922"><ele>627.08</ele><time>2026-10-01T18:00:34.500Z</time></trkpt><trkpt lat="36.2016498" lon="-115.0923699"><ele>627.10</ele><time>2026-10-01T18:00:34.600Z</time></trkpt><trkpt lat="36.2016547" lon="-115.0923473"><ele>627.12</ele><time>2026-10-01T18:00:34.700Z</time></trkpt><trkpt lat="36.2016596" lon="-115.0923244"><ele>627.14</ele><time>2026-10-01T18:00:34.800Z</time></trkpt><trkpt lat="36.2016646" lon="-115.0923014"><ele>627.16</ele><time>2026-10-01T18:00:34.900Z</time></trkpt><trkpt lat="36.2016696" lon="-115.0922783"><ele>627.18</ele><time>2026-10-01T18:00:35.000Z</time></trkpt><trkpt lat="36.2016747" lon="-115.0922550"><ele>627.20</ele><time>2026-10-01T18:00:35.100Z</time></trkpt><trkpt lat="36.2016798" lon="-115.0922312"><ele>627.22</ele><time>2026-10-01T18:00:35.200Z</time></trkpt><trkpt lat="36.2016850" lon="-115.0922071"><ele>627.25</ele><time>2026-10-01T18:00:35.300Z</time></trkpt><trkpt lat="36.2016903" lon="-115.0921829"><ele>627.27</ele><time>2026-10-01T18:00:35.400Z</time></trkpt><trkpt lat="36.2016956" lon="-115.0921581"><ele>627.29</ele><time>2026-10-01T18:00:35.500Z</time></trkpt><trkpt lat="36.2017010" lon="-115.0921331"><ele>627.32</ele><time>2026-10-01T18:00:35.600Z</time></trkpt><trkpt lat="36.2017065" lon="-115.0921079"><ele>627.34</ele><time>2026-10-01T18:00:35.700Z</time></trkpt><trkpt lat="36.2017120" lon="-115.0920824"><ele>627.36</ele><time>2026-10-01T18:00:35.800Z</time></trkpt><trkpt lat="36.2017175" lon="-115.0920567"><ele>627.39</ele><time>2026-10-01T18:00:35.900Z</time></trkpt><trkpt lat="36.2017232" lon="-115.0920305"><ele>627.41</ele><time>2026-10-01T18:00:36.000Z</time></trkpt><trkpt lat="36.2017289" lon="-115.0920040"><ele>627.44</ele><time>2026-10-01T18:00:36.100Z</time></trkpt><trkpt lat="36.2017347" lon="-115.0919774"><ele>627.46</ele><time>2026-10-01T18:00:36.200Z</time></trkpt><trkpt lat="36.2017406" lon="-115.0919502"><ele>627.49</ele><time>2026-10-01T18:00:36.300Z</time></trkpt><trkpt lat="36.2017465" lon="-115.0919228"><ele>627.51</ele><time>2026-10-01T18:00:36.400Z</time></trkpt><trkpt lat="36.2017525" lon="-115.0918952"><ele>627.54</ele><time>2026-10-01T18:00:36.500Z</time></trkpt><trkpt lat="36.2017585" lon="-115.0918673"><ele>627.56</ele><time>2026-10-01T18:00:36.600Z</time></trkpt><trkpt lat="36.2017646" lon="-115.0918392"><ele>627.59</ele><time>2026-10-01T18:00:36.700Z</time></trkpt><trkpt lat="36.2017708" lon="-115.0918106"><ele>627.62</ele><time>2026-10-01T18:00:36.800Z</time></trkpt><trkpt lat="36.2017770" lon="-115.0917817"><ele>627.64</ele><time>2026-10-01T18:00:36.900Z</time></trkpt><trkpt lat="36.2017833" lon="-115.0917526"><ele>627.67</ele><time>2026-10-01T18:00:37.000Z</time></trkpt><trkpt lat="36.2017897" lon="-115.0917231"><ele>627.70</ele><time>2026-10-01T18:00:37.100Z</time></trkpt><trkpt lat="36.2017961" lon="-115.0916933"><ele>627.73</ele><time>2026-10-01T18:00:37.200Z</time></trkpt><trkpt lat="36.2018026" lon="-115.0916632"><ele>627.75</ele><time>2026-10-01T18:00:37.300Z</time></trkpt><trkpt lat="36.2018092" lon="-115.0916330"><ele>627.78</ele><time>2026-10-01T18:00:37.400Z</time></trkpt><trkpt lat="36.2018158" lon="-115.0916022"><ele>627.81</ele><time>2026-10-01T18:00:37.500Z</time></trkpt><trkpt lat="36.2018226" lon="-115.0915709"><ele>627.84</ele><time>2026-10-01T18:00:37.600Z</time></trkpt><trkpt lat="36.2018294" lon="-115.0915395"><ele>627.87</ele><time>2026-10-01T18:00:37.700Z</time></trkpt><trkpt lat="36.2018362" lon="-115.0915077"><ele>627.90</ele><time>2026-10-01T18:00:37.800Z</time></trkpt><trkpt lat="36.2018431" lon="-115.0914758"><ele>627.93</ele><time>2026-10-01T18:00:37.900Z</time></trkpt><trkpt lat="36.2018501" lon="-115.0914436"><ele>627.96</ele><time>2026-10-01T18:00:38.000Z</time></trkpt><trkpt lat="36.2018571" lon="-115.0914111"><ele>627.99</ele><time>2026-10-01T18:00:38.100Z</time></trkpt><trkpt lat="36.2018642" lon="-115.0913784"><ele>628.02</ele><time>2026-10-01T18:00:38.200Z</time></trkpt><trkpt lat="36.2018714" lon="-115.0913453"><ele>628.05</ele><time>2026-10-01T18:00:38.300Z</time></trkpt><trkpt lat="36.2018786" lon="-115.0913116"><ele>628.08</ele><time>2026-10-01T18:00:38.400Z</time></trkpt><trkpt lat="36.2018860" lon="-115.0912777"><ele>628.11</ele><time>2026-10-01T18:00:38.500Z</time></trkpt><trkpt lat="36.2018933" lon="-115.0912436"><ele>628.14</ele><time>2026-10-01T18:00:38.600Z</time></trkpt><trkpt lat="36.2019007" lon="-115.0912095"><ele>628.18</ele><time>2026-10-01T18:00:38.700Z</time></trkpt><trkpt lat="36.2019082" lon="-115.0911749"><ele>628.21</ele><time>2026-10-01T18:00:38.800Z</time></trkpt><trkpt lat="36.2019158" lon="-115.0911398"><ele>628.24</ele><time>2026-10-01T18:00:38.900Z</time></trkpt><trkpt lat="36.2019234" lon="-115.0911044"><ele>628.27</ele><time>2026-10-01T18:00:39.000Z</time></trkpt><trkpt lat="36.2019312" lon="-115.0910686"><ele>628.31</ele><time>2026-10-01T18:00:39.100Z</time></trkpt><trkpt lat="36.2019390" lon="-115.0910326"><ele>628.34</ele><time>2026-10-01T18:00:39.200Z</time></trkpt><trkpt lat="36.2019468" lon="-115.0909963"><ele>628.37</ele><time>2026-10-01T18:00:39.300Z</time></trkpt><trkpt lat="36.2019547" lon="-115.0909598"><ele>628.41</ele><time>2026-10-01T18:00:39.400Z</time></trkpt><trkpt lat="36.2019627" lon="-115.0909230"><ele>628.44</ele><time>2026-10-01T18:00:39.500Z</time></trkpt><trkpt lat="36.2019707" lon="-115.0908857"><ele>628.48</ele><time>2026-10-01T18:00:39.600Z</time></trkpt><trkpt lat="36.2019788" lon="-115.0908482"><ele>628.51</ele><time>2026-10-01T18:00:39.700Z</time></trkpt><trkpt lat="36.2019870" lon="-115.0908105"><ele>628.55</ele><time>2026-10-01T18:00:39.800Z</time></trkpt><trkpt lat="36.2019953" lon="-115.0907723"><ele>628.58</ele><time>2026-10-01T18:00:39.900Z</time></trkpt><trkpt lat="36.2020036" lon="-115.0907338"><ele>628.62</ele><time>2026-10-01T18:00:40.000Z</time></trkpt><trkpt lat="36.2020119" lon="-115.0906951"><ele>628.65</ele><time>2026-10-01T18:00:40.100Z</time></trkpt><trkpt lat="36.2020204" lon="-115.0906562"><ele>628.69</ele><time>2026-10-01T18:00:40.200Z</time></trkpt><trkpt lat="36.2020288" lon="-115.0906170"><ele>628.73</ele><time>2026-10-01T18:00:40.300Z</time></trkpt><trkpt lat="36.2020374" lon="-115.0905776"><ele>628.76</ele><time>2026-10-01T18:00:40.400Z</time></trkpt><trkpt lat="36.2020460" lon="-115.0905377"><ele>628.80</ele><time>2026-10-01T18:00:40.500Z</time></trkpt><trkpt lat="36.2020547" lon="-115.0904973"><ele>628.84</ele><time>2026-10-01T18:00:40.600Z</time></trkpt><trkpt lat="36.2020635" lon="-115.0904567"><ele>628.88</ele><time>2026-10-01T18:00:40.700Z</time></trkpt><trkpt lat="36.2020723" lon="-115.0904159"><ele>628.91</ele><time>2026-10-01T18:00:40.800Z</time></trkpt><trkpt lat="36.2020812" lon="-115.0903748"><ele>628.95</ele><time>2026-10-01T18:00:40.900Z</time></trkpt><trkpt lat="36.2020902" lon="-115.0903332"><ele>628.99</ele><time>2026-10-01T18:00:41.000Z</time></trkpt><trkpt lat="36.2020992" lon="-115.0902914"><ele>629.03</ele><time>2026-10-01T18:00:41.100Z</time></trkpt><trkpt lat="36.2021083" lon="-115.0902493"><ele>629.07</ele><time>2026-10-01T18:00:41.200Z</time></trkpt><trkpt lat="36.2021175" lon="-115.0902070"><ele>629.11</ele><time>2026-10-01T18:00:41.300Z</time></trkpt><trkpt lat="36.2021267" lon="-115.0901644"><ele>629.15</ele><time>2026-10-01T18:00:41.400Z</time></trkpt><trkpt lat="36.2021359" lon="-115.0901217"><ele>629.19</ele><time>2026-10-01T18:00:41.500Z</time></trkpt><trkpt lat="36.2021452" lon="-115.0900786"><ele>629.23</ele><time>2026-10-01T18:00:41.600Z</time></trkpt><trkpt lat="36.2021546" lon="-115.0900351"><ele>629.27</ele><time>2026-10-01T18:00:41.700Z</time></trkpt><trkpt lat="36.2021641" lon="-115.0899914"><ele>629.31</ele><time>2026-10-01T18:00:41.800Z</time></trkpt><trkpt lat="36.2021736" lon="-115.0899477"><ele>629.35</ele><time>2026-10-01T18:00:41.900Z</time></trkpt><trkpt lat="36.2021831" lon="-115.0899034"><ele>629.39</ele><time>2026-10-01T18:00:42.000Z</time></trkpt><trkpt lat="36.2021928" lon="-115.0898587"><ele>629.43</ele><time>2026-10-01T18:00:42.100Z</time></trkpt><trkpt lat="36.2022025" lon="-115.0898140"><ele>629.47</ele><time>2026-10-01T18:00:42.200Z</time></trkpt><trkpt lat="36.2022121" lon="-115.0897693"><ele>629.51</ele><time>2026-10-01T18:00:42.300Z</time></trkpt><trkpt lat="36.2022218" lon="-115.0897244"><ele>629.56</ele><time>2026-10-01T18:00:42.400Z</time></trkpt><trkpt lat="36.2022317" lon="-115.0896790"><ele>629.60</ele><time>2026-10-01T18:00:42.500Z</time></trkpt><trkpt lat="36.2022416" lon="-115.0896330"><ele>629.64</ele><time>2026-10-01T18:00:42.600Z</time></trkpt><trkpt lat="36.2022516" lon="-115.0895869"><ele>629.68</ele><time>2026-10-01T18:00:42.700Z</time></trkpt><trkpt lat="36.2022615" lon="-115.0895408"><ele>629.73</ele><time>2026-10-01T18:00:42.800Z</time></trkpt><trkpt lat="36.2022716" lon="-115.0894941"><ele>629.77</ele><time>2026-10-01T18:00:42.900Z</time></trkpt><trkpt lat="36.2022818" lon="-115.0894470"><ele>629.81</ele><time>2026-10-01T18:00:43.000Z</time></trkpt><trkpt lat="36.2022920" lon="-115.0893999"><ele>629.86</ele><time>2026-10-01T18:00:43.100Z</time></trkpt><trkpt lat="36.2023022" lon="-115.0893526"><ele>629.90</ele><time>2026-10-01T18:00:43.200Z</time></trkpt><trkpt lat="36.2023126" lon="-115.0893047"><ele>629.95</ele><time>2026-10-01T18:00:43.300Z</time></trkpt><trkpt lat="36.2023229" lon="-115.0892569"><ele>629.99</ele><time>2026-10-01T18:00:43.400Z</time></trkpt><trkpt lat="36.2023333" lon="-115.0892088"><ele>630.04</ele><time>2026-10-01T18:00:43.500Z</time></trkpt><trkpt lat="36.2023438" lon="-115.0891603"><ele>630.08</ele><time>2026-10-01T18:00:43.600Z</time></trkpt><trkpt lat="36.2023544" lon="-115.0891115"><ele>630.13</ele><time>2026-10-01T18:00:43.700Z</time></trkpt><trkpt lat="36.2023650" lon="-115.0890622"><ele>630.17</ele><time>2026-10-01T18:00:43.800Z</time></trkpt><trkpt lat="36.2023757" lon="-115.0890127"><ele>630.22</ele><time>2026-10-01T18:00:43.900Z</time></trkpt><trkpt lat="36.2023864" lon="-115.0889632"><ele>630.26</ele><time>2026-10-01T18:00:44.000Z</time></trkpt><trkpt lat="36.2023972" lon="-115.0889135"><ele>630.31</ele><time>2026-10-01T18:00:44.100Z</time></trkpt><trkpt lat="36.2024080" lon="-115.0888635"><ele>630.36</ele><time>2026-10-01T18:00:44.200Z</time></trkpt><trkpt lat="36.2024188" lon="-115.0888135"><ele>630.40</ele><time>2026-10-01T18:00:44.300Z</time></trkpt><trkpt lat="36.2024297" lon="-115.0887630"><ele>630.45</ele><time>2026-10-01T18:00:44.400Z</time></trkpt><trkpt lat="36.2024407" lon="-115.0887120"><ele>630.50</ele><time>2026-10-01T18:00:44.500Z</time></trkpt><trkpt lat="36.2024517" lon="-115.0886611"><ele>630.55</ele><time>2026-10-01T18:00:44.600Z</time></trkpt><trkpt lat="36.2024628" lon="-115.0886101"><ele>630.59</ele><time>2026-10-01T18:00:44.700Z</time></trkpt><trkpt lat="36.2024738" lon="-115.0885589"><ele>630.64</ele><time>2026-10-01T18:00:44.800Z</time></trkpt><trkpt lat="36.2024850" lon="-115.0885075"><ele>630.69</ele><time>2026-10-01T18:00:44.900Z</time></trkpt><trkpt lat="36.2024962" lon="-115.0884556"><ele>630.74</ele><time>2026-10-01T18:00:45.000Z</time></trkpt><trkpt lat="36.2025075" lon="-115.0884032"><ele>630.78</ele><time>2026-10-01T18:00:45.100Z</time></trkpt><trkpt lat="36.2025188" lon="-115.0883508"><ele>630.83</ele><time>2026-10-01T18:00:45.200Z</time></trkpt><trkpt lat="36.2025302" lon="-115.0882982"><ele>630.88</ele><time>2026-10-01T18:00:45.300Z</time></trkpt><trkpt lat="36.2025417" lon="-115.0882453"><ele>630.93</ele><time>2026-10-01T18:00:45.400Z</time></trkpt><trkpt lat="36.2025531" lon="-115.0881922"><ele>630.98</ele><time>2026-10-01T18:00:45.500Z</time></trkpt><trkpt lat="36.2025647" lon="-115.0881388"><ele>631.03</ele><time>2026-10-01T18:00:45.600Z</time></trkpt><trkpt lat="36.2025762" lon="-115.0880855"><ele>631.08</ele><time>2026-10-01T18:00:45.700Z</time></trkpt><trkpt lat="36.2025878" lon="-115.0880319"><ele>631.13</ele><time>2026-10-01T18:00:45.800Z</time></trkpt><trkpt lat="36.2025994" lon="-115.0879780"><ele>631.18</ele><time>2026-10-01T18:00:45.900Z</time></trkpt><trkpt lat="36.2026111" lon="-115.0879240"><ele>631.23</ele><time>2026-10-01T18:00:46.000Z</time></trkpt><trkpt lat="36.2026229" lon="-115.0878694"><ele>631.28</ele><time>2026-10-01T18:00:46.100Z</time></trkpt><trkpt lat="36.2026348" lon="-115.0878146"><ele>631.33</ele><time>2026-10-01T18:00:46.200Z</time></trkpt><trkpt lat="36.2026467" lon="-115.0877596"><ele>631.38</ele><time>2026-10-01T18:00:46.300Z</time></trkpt><trkpt lat="36.2026586" lon="-115.0877043"><ele>631.43</ele><time>2026-10-01T18:00:46.400Z</time></trkpt><trkpt lat="36.2026706" lon="-115.0876488"><ele>631.49</ele><time>2026-10-01T18:00:46.500Z</time></trkpt><trkpt lat="36.2026827" lon="-115.0875930"><ele>631.54</ele><time>2026-10-01T18:00:46.600Z</time></trkpt><trkpt lat="36.2026948" lon="-115.0875372"><ele>631.59</ele><time>2026-10-01T18:00:46.700Z</time></trkpt><trkpt lat="36.2027069" lon="-115.0874812"><ele>631.64</ele><time>2026-10-01T18:00:46.800Z</time></trkpt><trkpt lat="36.2027190" lon="-115.0874250"><ele>631.69</ele><time>2026-10-01T18:00:46.900Z</time></trkpt><trkpt lat="36.2027312" lon="-115.0873688"><ele>631.75</ele><time>2026-10-01T18:00:47.000Z</time></trkpt><trkpt lat="36.2027434" lon="-115.0873123"><ele>631.80</ele><time>2026-10-01T18:00:47.100Z</time></trkpt><trkpt lat="36.2027557" lon="-115.0872553"><ele>631.85</ele><time>2026-10-01T18:00:47.200Z</time></trkpt><trkpt lat="36.2027681" lon="-115.0871981"><ele>631.91</ele><time>2026-10-01T18:00:47.300Z</time></trkpt><trkpt lat="36.2027804" lon="-115.0871409"><ele>631.96</ele><time>2026-10-01T18:00:47.400Z</time></trkpt><trkpt lat="36.2027929" lon="-115.0870835"><ele>632.01</ele><time>2026-10-01T18:00:47.500Z</time></trkpt><trkpt lat="36.2028053" lon="-115.0870260"><ele>632.07</ele><time>2026-10-01T18:00:47.600Z</time></trkpt><trkpt lat="36.2028177" lon="-115.0869688"><ele>632.12</ele><time>2026-10-01T18:00:47.700Z</time></trkpt><trkpt lat="36.2028300" lon="-115.0869116"><ele>632.17</ele><time>2026-10-01T18:00:47.800Z</time></trkpt><trkpt lat="36.2028424" lon="-115.0868544"><ele>632.23</ele><time>2026-10-01T18:00:47.900Z</time></trkpt><trkpt lat="36.2028547" lon="-115.0867975"><ele>632.28</ele><time>2026-10-01T18:00:48.000Z</time></trkpt><trkpt lat="36.2028670" lon="-115.0867407"><ele>632.33</ele><time>2026-10-01T18:00:48.100Z</time></trkpt><trkpt lat="36.2028792" lon="-115.0866840"><ele>632.38</ele><time>2026-10-01T18:00:48.200Z</time></trkpt><trkpt lat="36.2028915" lon="-115.0866273"><ele>632.44</ele><time>2026-10-01T18:00:48.300Z</time></trkpt><trkpt lat="36.2029037" lon="-115.0865708"><ele>632.49</ele><time>2026-10-01T18:00:48.400Z</time></trkpt><trkpt lat="36.2029159" lon="-115.0865146"><ele>632.54</ele><time>2026-10-01T18:00:48.500Z</time></trkpt><trkpt lat="36.2029280" lon="-115.0864583"><ele>632.59</ele><time>2026-10-01T18:00:48.600Z</time></trkpt><trkpt lat="36.2029402" lon="-115.0864021"><ele>632.65</ele><time>2026-10-01T18:00:48.700Z</time></trkpt><trkpt lat="36.2029524" lon="-115.0863459"><ele>632.70</ele><time>2026-10-01T18:00:48.800Z</time></trkpt><trkpt lat="36.2029645" lon="-115.0862896"><ele>632.75</ele><time>2026-10-01T18:00:48.900Z</time></trkpt><trkpt lat="36.2029766" lon="-115.0862336"><ele>632.80</ele><time>2026-10-01T18:00:49.000Z</time></trkpt><trkpt lat="36.2029887" lon="-115.0861778"><ele>632.85</ele><time>2026-10-01T18:00:49.100Z</time></trkpt><trkpt lat="36.2030007" lon="-115.0861221"><ele>632.91</ele><time>2026-10-01T18:00:49.200Z</time></trkpt><trkpt lat="36.2030128" lon="-115.0860663"><ele>632.96</ele><time>2026-10-01T18:00:49.300Z</time></trkpt><trkpt lat="36.2030249" lon="-115.0860106"><ele>633.01</ele><time>2026-10-01T18:00:49.400Z</time></trkpt><trkpt lat="36.2030369" lon="-115.0859548"><ele>633.06</ele><time>2026-10-01T18:00:49.500Z</time></trkpt><trkpt lat="36.2030490" lon="-115.0858990"><ele>633.11</ele><time>2026-10-01T18:00:49.600Z</time></trkpt><trkpt lat="36.2030610" lon="-115.0858433"><ele>633.17</ele><time>2026-10-01T18:00:49.700Z</time></trkpt><trkpt lat="36.2030730" lon="-115.0857878"><ele>633.22</ele><time>2026-10-01T18:00:49.800Z</time></trkpt><trkpt lat="36.2030850" lon="-115.0857325"><ele>633.27</ele><time>2026-10-01T18:00:49.900Z</time></trkpt><trkpt lat="36.2030969" lon="-115.0856772"><ele>633.32</ele><time>2026-10-01T18:00:50.000Z</time></trkpt><trkpt lat="36.2031089" lon="-115.0856219"><ele>633.37</ele><time>2026-10-01T18:00:50.100Z</time></trkpt><trkpt lat="36.2031208" lon="-115.0855669"><ele>633.42</ele><time>2026-10-01T18:00:50.200Z</time></trkpt><trkpt lat="36.2031326" lon="-115.0855121"><ele>633.47</ele><time>2026-10-01T18:00:50.300Z</time></trkpt><trkpt lat="36.2031445" lon="-115.0854573"><ele>633.52</ele><time>2026-10-01T18:00:50.400Z</time></trkpt><trkpt lat="36.2031563" lon="-115.0854025"><ele>633.58</ele><time>2026-10-01T18:00:50.500Z</time></trkpt><trkpt lat="36.2031682" lon="-115.0853477"><ele>633.63</ele><time>2026-10-01T18:00:50.600Z</time></trkpt><trkpt lat="36.2031800" lon="-115.0852929"><ele>633.68</ele><time>2026-10-01T18:00:50.700Z</time></trkpt><trkpt lat="36.2031919" lon="-115.0852381"><ele>633.73</ele><time>2026-10-01T18:00:50.800Z</time></trkpt><trkpt lat="36.2032037" lon="-115.0851833"><ele>633.78</ele><time>2026-10-01T18:00:50.900Z</time></trkpt><trkpt lat="36.2032156" lon="-115.0851285"><ele>633.83</ele><time>2026-10-01T18:00:51.000Z</time></trkpt><trkpt lat="36.2032274" lon="-115.0850737"><ele>633.88</ele><time>2026-10-01T18:00:51.100Z</time></trkpt><trkpt lat="36.2032393" lon="-115.0850189"><ele>633.93</ele><time>2026-10-01T18:00:51.200Z</time></trkpt><trkpt lat="36.2032511" lon="-115.0849641"><ele>633.98</ele><time>2026-10-01T18:00:51.300Z</time></trkpt><trkpt lat="36.2032630" lon="-115.0849093"><ele>634.03</ele><time>2026-10-01T18:00:51.400Z</time></trkpt><trkpt lat="36.2032748" lon="-115.0848545"><ele>634.09</ele><time>2026-10-01T18:00:51.500Z</time></trkpt><trkpt lat="36.2032867" lon="-115.0847997"><ele>634.14</ele><time>2026-10-01T18:00:51.600Z</time></trkpt><trkpt lat="36.2032985" lon="-115.0847449"><ele>634.19</ele><time>2026-10-01T18:00:51.700Z</time></trkpt><trkpt lat="36.2033104" lon="-115.0846901"><ele>634.24</ele><time>2026-10-01T18:00:51.800Z</time></trkpt><trkpt lat="36.2033222" lon="-115.0846353"><ele>634.29</ele><time>2026-10-01T18:00:51.900Z</time></trkpt><trkpt lat="36.2033341" lon="-115.0845805"><ele>634.34</ele><time>2026-10-01T18:00:52.000Z</time></trkpt><trkpt lat="36.2033459" lon="-115.0845257"><ele>634.39</ele><time>2026-10-01T18:00:52.100Z</time></trkpt><trkpt lat="36.2033578" lon="-115.0844709"><ele>634.44</ele><time>2026-10-01T18:00:52.200Z</time></trkpt><trkpt lat="36.2033696" lon="-115.0844161"><ele>634.49</ele><time>2026-10-01T18:00:52.300Z</time></trkpt><trkpt lat="36.2033815" lon="-115.0843613"><ele>634.54</ele><time>2026-10-01T18:00:52.400Z</time></trkpt><trkpt lat="36.2033933" lon="-115.0843065"><ele>634.59</ele><time>2026-10-01T18:00:52.500Z</time></trkpt><trkpt lat="36.2034052" lon="-115.0842517"><ele>634.65</ele><time>2026-10-01T18:00:52.600Z</time></trkpt><trkpt lat="36.2034170" lon="-115.0841969"><ele>634.70</ele><time>2026-10-01T18:00:52.700Z</time></trkpt><trkpt lat="36.2034289" lon="-115.0841421"><ele>634.75</ele><time>2026-10-01T18:00:52.800Z</time></trkpt><trkpt lat="36.2034407" lon="-115.0840873"><ele>634.80</ele><time>2026-10-01T18:00:52.900Z</time></trkpt><trkpt lat="36.2034526" lon="-115.0840325"><ele>634.85</ele><time>2026-10-01T18:00:53.000Z</time></trkpt><trkpt lat="36.2034644" lon="-115.0839777"><ele>634.90</ele><time>2026-10-01T18:00:53.100Z</time></trkpt><trkpt lat="36.2034763" lon="-115.0839229"><ele>634.95</ele><time>2026-10-01T18:00:53.200Z</time></trkpt><trkpt lat="36.2034881" lon="-115.0838681"><ele>635.00</ele><time>2026-10-01T18:00:53.300Z</time></trkpt><trkpt lat="36.2035000" lon="-115.0838133"><ele>635.05</ele><time>2026-10-01T18:00:53.400Z</time></trkpt><trkpt lat="36.2035118" lon="-115.0837585"><ele>635.10</ele><time>2026-10-01T18:00:53.500Z</time></trkpt><trkpt lat="36.2035236" lon="-115.0837037"><ele>635.16</ele><time>2026-10-01T18:00:53.600Z</time></trkpt><trkpt lat="36.2035355" lon="-115.0836489"><ele>635.21</ele><time>2026-10-01T18:00:53.700Z</time></trkpt><trkpt lat="36.2035473" lon="-115.0835941"><ele>635.26</ele><time>2026-10-01T18:00:53.800Z</time></trkpt><trkpt lat="36.2035592" lon="-115.0835393"><ele>635.31</ele><time>2026-10-01T18:00:53.900Z</time></trkpt><trkpt lat="36.2035710" lon="-115.0834845"><ele>635.36</ele><time>2026-10-01T18:00:54.000Z</time></trkpt><trkpt lat="36.2035829" lon="-115.0834297"><ele>635.41</ele><time>2026-10-01T18:00:54.100Z</time></trkpt><trkpt lat="36.2035947" lon="-115.0833749"><ele>635.46</ele><time>2026-10-01T18:00:54.200Z</time></trkpt><trkpt lat="36.2036066" lon="-115.0833201"><ele>635.51</ele><time>2026-10-01T18:00:54.300Z</time></trkpt><trkpt lat="36.2036184" lon="-115.0832654"><ele>635.56</ele><time>2026-10-01T18:00:54.400Z</time></trkpt><trkpt lat="36.2036303" lon="-115.0832106"><ele>635.61</ele><time>2026-10-01T18:00:54.500Z</time></trkpt><trkpt lat="36.2036421" lon="-115.0831558"><ele>635.67</ele><time>2026-10-01T18:00:54.600Z</time></trkpt><trkpt lat="36.2036540" lon="-115.0831010"><ele>635.72</ele><time>2026-10-01T18:00:54.700Z</time></trkpt><trkpt lat="36.2036658" lon="-115.0830462"><ele>635.77</ele><time>2026-10-01T18:00:54.800Z</time></trkpt><trkpt lat="36.2036777" lon="-115.0829914"><ele>635.82</ele><time>2026-10-01T18:00:54.900Z</time></trkpt><trkpt lat="36.2036895" lon="-115.0829366"><ele>635.87</ele><time>2026-10-01T18:00:55.000Z</time></trkpt><trkpt lat="36.2037014" lon="-115.0828818"><ele>635.92</ele><time>2026-10-01T18:00:55.100Z</time></trkpt><trkpt lat="36.2037132" lon="-115.0828270"><ele>635.97</ele><time>2026-10-01T18:00:55.200Z</time></trkpt><trkpt lat="36.2037251" lon="-115.0827722"><ele>636.02</ele><time>2026-10-01T18:00:55.300Z</time></trkpt><trkpt lat="36.2037369" lon="-115.0827174"><ele>636.07</ele><time>2026-10-01T18:00:55.400Z</time></trkpt><trkpt lat="36.2037488" lon="-115.0826626"><ele>636.12</ele><time>2026-10-01T18:00:55.500Z</time></trkpt><trkpt lat="36.2037606" lon="-115.0826078"><ele>636.17</ele><time>2026-10-01T18:00:55.600Z</time></trkpt><trkpt lat="36.2037725" lon="-115.0825530"><ele>636.23</ele><time>2026-10-01T18:00:55.700Z</time></trkpt><trkpt lat="36.2037843" lon="-115.0824982"><ele>636.28</ele><time>2026-10-01T18:00:55.800Z</time></trkpt><trkpt lat="36.2037962" lon="-115.0824434"><ele>636.33</ele><time>2026-10-01T18:00:55.900Z</time></trkpt><trkpt lat="36.2038080" lon="-115.0823886"><ele>636.38</ele><time>2026-10-01T18:00:56.000Z</time></trkpt><trkpt lat="36.2038199" lon="-115.0823338"><ele>636.43</ele><time>2026-10-01T18:00:56.100Z</time></trkpt><trkpt lat="36.2038317" lon="-115.0822790"><ele>636.48</ele><time>2026-10-01T18:00:56.200Z</time></trkpt><trkpt lat="36.2038436" lon="-115.0822242"><ele>636.53</ele><time>2026-10-01T18:00:56.300Z</time></trkpt><trkpt lat="36.2038554" lon="-115.0821694"><ele>636.58</ele><time>2026-10-01T18:00:56.400Z</time></trkpt><trkpt lat="36.2038673" lon="-115.0821146"><ele>636.63</ele><time>2026-10-01T18:00:56.500Z</time></trkpt><trkpt lat="36.2038791" lon="-115.0820598"><ele>636.68</ele><time>2026-10-01T18:00:56.600Z</time></trkpt><trkpt lat="36.2038910" lon="-115.0820050"><ele>636.74</ele><time>2026-10-01T18:00:56.700Z</time></trkpt><trkpt lat="36.2039028" lon="-115.0819502"><ele>636.79</ele><time>2026-10-01T18:00:56.800Z</time></trkpt><trkpt lat="36.2039147" lon="-115.0818954"><ele>636.84</ele><time>2026-10-01T18:00:56.900Z</time></trkpt><trkpt lat="36.2039265" lon="-115.0818406"><ele>636.89</ele><time>2026-10-01T18:00:57.000Z</time></trkpt><trkpt lat="36.2039384" lon="-115.0817858"><ele>636.94</ele><time>2026-10-01T18:00:57.100Z</time></trkpt><trkpt lat="36.2039502" lon="-115.0817310"><ele>636.99</ele><time>2026-10-01T18:00:57.200Z</time></trkpt><trkpt lat="36.2039621" lon="-115.0816762"><ele>637.04</ele><time>2026-10-01T18:00:57.300Z</time></trkpt><trkpt lat="36.2039739" lon="-115.0816214"><ele>637.09</ele><time>2026-10-01T18:00:57.400Z</time></trkpt><trkpt lat="36.2039858" lon="-115.0815666"><ele>637.14</ele><time>2026-10-01T18:00:57.500Z</time></trkpt><trkpt lat="36.2039976" lon="-115.0815118"><ele>637.19</ele><time>2026-10-01T18:00:57.600Z</time></trkpt><trkpt lat="36.2040094" lon="-115.0814570"><ele>637.24</ele><time>2026-10-01T18:00:57.700Z</time></trkpt><trkpt lat="36.2040213" lon="-115.0814022"><ele>637.30</ele><time>2026-10-01T18:00:57.800Z</time></trkpt><trkpt lat="36.2040331" lon="-115.0813474"><ele>637.35</ele><time>2026-10-01T18:00:57.900Z</time></trkpt><trkpt lat="36.2040450" lon="-115.0812926"><ele>637.40</ele><time>2026-10-01T18:00:58.000Z</time></trkpt><trkpt lat="36.2040568" lon="-115.0812378"><ele>637.45</ele><time>2026-10-01T18:00:58.100Z</time></trkpt><trkpt lat="36.2040687" lon="-115.0811830"><ele>637.50</ele><time>2026-10-01T18:00:58.200Z</time></trkpt><trkpt lat="36.2040805" lon="-115.0811282"><ele>637.55</ele><time>2026-10-01T18:00:58.300Z</time></trkpt><trkpt lat="36.2040924" lon="-115.0810734"><ele>637.60</ele><time>2026-10-01T18:00:58.400Z</time></trkpt><trkpt lat="36.2041042" lon="-115.0810186"><ele>637.65</ele><time>2026-10-01T18:00:58.500Z</time></trkpt><trkpt lat="36.2041161" lon="-115.0809638"><ele>637.70</ele><time>2026-10-01T18:00:58.600Z</time></trkpt><trkpt lat="36.2041279" lon="-115.0809090"><ele>637.75</ele><time>2026-10-01T18:00:58.700Z</time></trkpt><trkpt lat="36.2041398" lon="-115.0808542"><ele>637.81</ele><time>2026-10-01T18:00:58.800Z</time></trkpt><trkpt lat="36.2041516" lon="-115.0807994"><ele>637.86</ele><time>2026-10-01T18:00:58.900Z</time></trkpt><trkpt lat="36.2041635" lon="-115.0807446"><ele>637.91</ele><time>2026-10-01T18:00:59.000Z</time></trkpt><trkpt lat="36.2041753" lon="-115.0806898"><ele>637.96</ele><time>2026-10-01T18:00:59.100Z</time></trkpt><trkpt lat="36.2041872" lon="-115.0806350"><ele>638.01</ele><time>2026-10-01T18:00:59.200Z</time></trkpt><trkpt lat="36.2041990" lon="-115.0805802"><ele>638.06</ele><time>2026-10-01T18:00:59.300Z</time></trkpt><trkpt lat="36.2042109" lon="-115.0805254"><ele>638.11</ele><time>2026-10-01T18:00:59.400Z</time></trkpt><trkpt lat="36.2042227" lon="-115.0804706"><ele>638.16</ele><time>2026-10-01T18:00:59.500Z</time></trkpt><trkpt lat="36.2042346" lon="-115.0804158"><ele>638.21</ele><time>2026-10-01T18:00:59.600Z</time></trkpt><trkpt lat="36.2042464" lon="-115.0803610"><ele>638.26</ele><time>2026-10-01T18:00:59.700Z</time></trkpt><trkpt lat="36.2042583" lon="-115.0803062"><ele>638.32</ele><time>2026-10-01T18:00:59.800Z</time></trkpt><trkpt lat="36.2042701" lon="-115.0802514"><ele>638.37</ele><time>2026-10-01T18:00:59.900Z</time></trkpt><trkpt lat="36.2042820" lon="-115.0801966"><ele>638.42</ele><time>2026-10-01T18:01:00.000Z</time></trkpt><trkpt lat="36.2042938" lon="-115.0801418"><ele>638.47</ele><time>2026-10-01T18:01:00.100Z</time></trkpt><trkpt lat="36.2043057" lon="-115.0800870"><ele>638.52</ele><time>2026-10-01T18:01:00.200Z</time></trkpt><trkpt lat="36.2043175" lon="-115.0800322"><ele>638.57</ele><time>2026-10-01T18:01:00.300Z</time></trkpt><trkpt lat="36.2043294" lon="-115.0799774"><ele>638.62</ele><time>2026-10-01T18:01:00.400Z</time></trkpt><trkpt lat="36.2043412" lon="-115.0799226"><ele>638.67</ele><time>2026-10-01T18:01:00.500Z</time></trkpt><trkpt lat="36.2043531" lon="-115.0798678"><ele>638.72</ele><time>2026-10-01T18:01:00.600Z</time></trkpt><trkpt lat="36.2043649" lon="-115.0798130"><ele>638.77</ele><time>2026-10-01T18:01:00.700Z</time></trkpt><trkpt lat="36.2043768" lon="-115.0797582"><ele>638.82</ele><time>2026-10-01T18:01:00.800Z</time></trkpt><trkpt lat="36.2043886" lon="-115.0797034"><ele>638.88</ele><time>2026-10-01T18:01:00.900Z</time></trkpt><trkpt lat="36.2044005" lon="-115.0796486"><ele>638.93</ele><time>2026-10-01T18:01:01.000Z</time></trkpt><trkpt lat="36.2044123" lon="-115.0795938"><ele>638.98</ele><time>2026-10-01T18:01:01.100Z</time></trkpt><trkpt lat="36.2044242" lon="-115.0795390"><ele>639.03</ele><time>2026-10-01T18:01:01.200Z</time></trkpt><trkpt lat="36.2044360" lon="-115.0794842"><ele>639.08</ele><time>2026-10-01T18:01:01.300Z</time></trkpt><trkpt lat="36.2044479" lon="-115.0794294"><ele>639.13</ele><time>2026-10-01T18:01:01.400Z</time></trkpt><trkpt lat="36.2044597" lon="-115.0793746"><ele>639.18</ele><time>2026-10-01T18:01:01.500Z</time></trkpt><trkpt lat="36.2044716" lon="-115.0793199"><ele>639.23</ele><time>2026-10-01T18:01:01.600Z</time></trkpt><trkpt lat="36.2044834" lon="-115.0792651"><ele>639.28</ele><time>2026-10-01T18:01:01.700Z</time></trkpt><trkpt lat="36.2044952" lon="-115.0792103"><ele>639.33</ele><time>2026-10-01T18:01:01.800Z</time></trkpt><trkpt lat="36.2045071" lon="-115.0791555"><ele>639.39</ele><time>2026-10-01T18:01:01.900Z</time></trkpt><trkpt lat="36.2045189" lon="-115.0791007"><ele>639.44</ele><time>2026-10-01T18:01:02.000Z</time></trkpt><trkpt lat="36.2045308" lon="-115.0790459"><ele>639.49</ele><time>2026-10-01T18:01:02.100Z</time></trkpt><trkpt lat="36.2045426" lon="-115.0789911"><ele>639.54</ele><time>2026-10-01T18:01:02.200Z</time></trkpt><trkpt lat="36.2045545" lon="-115.0789363"><ele>639.59</ele><time>2026-10-01T18:01:02.300Z</time></trkpt><trkpt lat="36.2045663" lon="-115.0788815"><ele>639.64</ele><time>2026-10-01T18:01:02.400Z</time></trkpt><trkpt lat="36.2045782" lon="-115.0788267"><ele>639.69</ele><time>2026-10-01T18:01:02.500Z</time></trkpt><trkpt lat="36.2045900" lon="-115.0787719"><ele>639.74</ele><time>2026-10-01T18:01:02.600Z</time></trkpt><trkpt lat="36.2046019" lon="-115.0787171"><ele>639.79</ele><time>2026-10-01T18:01:02.700Z</time></trkpt><trkpt lat="36.2046137" lon="-115.0786623"><ele>639.84</ele><time>2026-10-01T18:01:02.800Z</time></trkpt><trkpt lat="36.2046256" lon="-115.0786075"><ele>639.89</ele><time>2026-10-01T18:01:02.900Z</time></trkpt><trkpt lat="36.2046374" lon="-115.0785527"><ele>639.95</ele><time>2026-10-01T18:01:03.000Z</time></trkpt><trkpt lat="36.2046493" lon="-115.0784979"><ele>640.00</ele><time>2026-10-01T18:01:03.100Z</time></trkpt><trkpt lat="36.2046611" lon="-115.0784431"><ele>640.05</ele><time>2026-10-01T18:01:03.200Z</time></trkpt><trkpt lat="36.2046730" lon="-115.0783883"><ele>640.10</ele><time>2026-10-01T18:01:03.300Z</time></trkpt><trkpt lat="36.2046848" lon="-115.0783335"><ele>640.15</ele><time>2026-10-01T18:01:03.400Z</time></trkpt><trkpt lat="36.2046967" lon="-115.0782787"><ele>640.20</ele><time>2026-10-01T18:01:03.500Z</time></trkpt><trkpt lat="36.2047085" lon="-115.0782239"><ele>640.25</ele><time>2026-10-01T18:01:03.600Z</time></trkpt><trkpt lat="36.2047204" lon="-115.0781691"><ele>640.30</ele><time>2026-10-01T18:01:03.700Z</time></trkpt><trkpt lat="36.2047322" lon="-115.0781143"><ele>640.35</ele><time>2026-10-01T18:01:03.800Z</time></trkpt><trkpt lat="36.2047441" lon="-115.0780595"><ele>640.40</ele><time>2026-10-01T18:01:03.900Z</time></trkpt><trkpt lat="36.2047559" lon="-115.0780047"><ele>640.46</ele><time>2026-10-01T18:01:04.000Z</time></trkpt><trkpt lat="36.2047678" lon="-115.0779499"><ele>640.51</ele><time>2026-10-01T18:01:04.100Z</time></trkpt><trkpt lat="36.2047796" lon="-115.0778951"><ele>640.56</ele><time>2026-10-01T18:01:04.200Z</time></trkpt><trkpt lat="36.2047915" lon="-115.0778403"><ele>640.61</ele><time>2026-10-01T18:01:04.300Z</time></trkpt><trkpt lat="36.2048033" lon="-115.0777855"><ele>640.66</ele><time>2026-10-01T18:01:04.400Z</time></trkpt><trkpt lat="36.2048152" lon="-115.0777307"><ele>640.71</ele><time>2026-10-01T18:01:04.500Z</time></trkpt><trkpt lat="36.2048270" lon="-115.0776759"><ele>640.76</ele><time>2026-10-01T18:01:04.600Z</time></trkpt><trkpt lat="36.2048389" lon="-115.0776211"><ele>640.81</ele><time>2026-10-01T18:01:04.700Z</time></trkpt><trkpt lat="36.2048507" lon="-115.0775663"><ele>640.86</ele><time>2026-10-01T18:01:04.800Z</time></trkpt><trkpt lat="36.2048626" lon="-115.0775115"><ele>640.91</ele><time>2026-10-01T18:01:04.900Z</time></trkpt><trkpt lat="36.2048744" lon="-115.0774567"><ele>640.97</ele><time>2026-10-01T18:01:05.000Z</time></trkpt><trkpt lat="36.2048863" lon="-115.0774019"><ele>641.02</ele><time>2026-10-01T18:01:05.100Z</time></trkpt><trkpt lat="36.2048981" lon="-115.0773471"><ele>641.07</ele><time>2026-10-01T18:01:05.200Z</time></trkpt><trkpt lat="36.2049100" lon="-115.0772923"><ele>641.12</ele><time>2026-10-01T18:01:05.300Z</time></trkpt><trkpt lat="36.2049218" lon="-115.0772375"><ele>641.17</ele><time>2026-10-01T18:01:05.400Z</time></trkpt><trkpt lat="36.2049337" lon="-115.0771827"><ele>641.22</ele><time>2026-10-01T18:01:05.500Z</time></trkpt><trkpt lat="36.2049455" lon="-115.0771279"><ele>641.27</ele><time>2026-10-01T18:01:05.600Z</time></trkpt><trkpt lat="36.2049574" lon="-115.0770731"><ele>641.32</ele><time>2026-10-01T18:01:05.700Z</time></trkpt><trkpt lat="36.2049692" lon="-115.0770183"><ele>641.37</ele><time>2026-10-01T18:01:05.800Z</time></trkpt><trkpt lat="36.2049811" lon="-115.0769635"><ele>641.42</ele><time>2026-10-01T18:01:05.900Z</time></trkpt><trkpt lat="36.2049929" lon="-115.0769087"><ele>641.47</ele><time>2026-10-01T18:01:06.000Z</time></trkpt><trkpt lat="36.2050047" lon="-115.0768539"><ele>641.53</ele><time>2026-10-01T18:01:06.100Z</time></trkpt><trkpt lat="36.2050166" lon="-115.0767991"><ele>641.58</ele><time>2026-10-01T18:01:06.200Z</time></trkpt><trkpt lat="36.2050284" lon="-115.0767443"><ele>641.63</ele><time>2026-10-01T18:01:06.300Z</time></trkpt><trkpt lat="36.2050403" lon="-115.0766895"><ele>641.68</ele><time>2026-10-01T18:01:06.400Z</time></trkpt><trkpt lat="36.2050521" lon="-115.0766347"><ele>641.73</ele><time>2026-10-01T18:01:06.500Z</time></trkpt><trkpt lat="36.2050640" lon="-115.0765799"><ele>641.78</ele><time>2026-10-01T18:01:06.600Z</time></trkpt><trkpt lat="36.2050758" lon="-115.0765251"><ele>641.83</ele><time>2026-10-01T18:01:06.700Z</time></trkpt><trkpt lat="36.2050877" lon="-115.0764703"><ele>641.88</ele><time>2026-10-01T18:01:06.800Z</time></trkpt><trkpt lat="36.2050995" lon="-115.0764155"><ele>641.93</ele><time>2026-10-01T18:01:06.900Z</time></trkpt><trkpt lat="36.2051114" lon="-115.0763607"><ele>641.98</ele><time>2026-10-01T18:01:07.000Z</time></trkpt><trkpt lat="36.2051232" lon="-115.0763059"><ele>642.04</ele><time>2026-10-01T18:01:07.100Z</time></trkpt><trkpt lat="36.2051351" lon="-115.0762511"><ele>642.09</ele><time>2026-10-01T18:01:07.200Z</time></trkpt><trkpt lat="36.2051469" lon="-115.0761963"><ele>642.14</ele><time>2026-10-01T18:01:07.300Z</time></trkpt><trkpt lat="36.2051588" lon="-115.0761415"><ele>642.19</ele><time>2026-10-01T18:01:07.400Z</time></trkpt><trkpt lat="36.2051706" lon="-115.0760867"><ele>642.24</ele><time>2026-10-01T18:01:07.500Z</time></trkpt><trkpt lat="36.2051825" lon="-115.0760319"><ele>642.29</ele><time>2026-10-01T18:01:07.600Z</time></trkpt><trkpt lat="36.2051943" lon="-115.0759771"><ele>642.34</ele><time>2026-10-01T18:01:07.700Z</time></trkpt><trkpt lat="36.2052062" lon="-115.0759223"><ele>642.39</ele><time>2026-10-01T18:01:07.800Z</time></trkpt><trkpt lat="36.2052180" lon="-115.0758675"><ele>642.44</ele><time>2026-10-01T18:01:07.900Z</time></trkpt><trkpt lat="36.2052299" lon="-115.0758127"><ele>642.49</ele><time>2026-10-01T18:01:08.000Z</time></trkpt><trkpt lat="36.2052417" lon="-115.0757579"><ele>642.55</ele><time>2026-10-01T18:01:08.100Z</time></trkpt><trkpt lat="36.2052536" lon="-115.0757031"><ele>642.60</ele><time>2026-10-01T18:01:08.200Z</time></trkpt><trkpt lat="36.2052654" lon="-115.0756483"><ele>642.65</ele><time>2026-10-01T18:01:08.300Z</time></trkpt><trkpt lat="36.2052773" lon="-115.0755935"><ele>642.70</ele><time>2026-10-01T18:01:08.400Z</time></trkpt><trkpt lat="36.2052891" lon="-115.0755387"><ele>642.75</ele><time>2026-10-01T18:01:08.500Z</time></trkpt><trkpt lat="36.2053010" lon="-115.0754839"><ele>642.80</ele><time>2026-10-01T18:01:08.600Z</time></trkpt><trkpt lat="36.2053128" lon="-115.0754291"><ele>642.85</ele><time>2026-10-01T18:01:08.700Z</time></trkpt><trkpt lat="36.2053247" lon="-115.0753743"><ele>642.90</ele><time>2026-10-01T18:01:08.800Z</time></trkpt><trkpt lat="36.2053365" lon="-115.0753196"><ele>642.95</ele><time>2026-10-01T18:01:08.900Z</time></trkpt><trkpt lat="36.2053484" lon="-115.0752648"><ele>643.00</ele><time>2026-10-01T18:01:09.000Z</time></trkpt><trkpt lat="36.2053602" lon="-115.0752100"><ele>643.05</ele><time>2026-10-01T18:01:09.100Z</time></trkpt><trkpt lat="36.2053721" lon="-115.0751552"><ele>643.11</ele><time>2026-10-01T18:01:09.200Z</time></trkpt><trkpt lat="36.2053839" lon="-115.0751004"><ele>643.16</ele><time>2026-10-01T18:01:09.300Z</time></trkpt><trkpt lat="36.2053958" lon="-115.0750456"><ele>643.21</ele><time>2026-10-01T18:01:09.400Z</time></trkpt><trkpt lat="36.2054076" lon="-115.0749908"><ele>643.26</ele><time>2026-10-01T18:01:09.500Z</time></trkpt><trkpt lat="36.2054195" lon="-115.0749360"><ele>643.31</ele><time>2026-10-01T18:01:09.600Z</time></trkpt><trkpt lat="36.2054313" lon="-115.0748812"><ele>643.36</ele><time>2026-10-01T18:01:09.700Z</time></trkpt><trkpt lat="36.2054432" lon="-115.0748264"><ele>643.41</ele><time>2026-10-01T18:01:09.800Z</time></trkpt><trkpt lat="36.2054550" lon="-115.0747716"><ele>643.46</ele><time>2026-10-01T18:01:09.900Z</time></trkpt><trkpt lat="36.2054669" lon="-115.0747168"><ele>643.51</ele><time>2026-10-01T18:01:10.000Z</time></trkpt><trkpt lat="36.2054787" lon="-115.0746620"><ele>643.56</ele><time>2026-10-01T18:01:10.100Z</time></trkpt><trkpt lat="36.2054905" lon="-115.0746072"><ele>643.62</ele><time>2026-10-01T18:01:10.200Z</time></trkpt><trkpt lat="36.2055024" lon="-115.0745524"><ele>643.67</ele><time>2026-10-01T18:01:10.300Z</time></trkpt><trkpt lat="36.2055142" lon="-115.0744976"><ele>643.72</ele><time>2026-10-01T18:01:10.400Z</time></trkpt><trkpt lat="36.2055261" lon="-115.0744428"><ele>643.77</ele><time>2026-10-01T18:01:10.500Z</time></trkpt><trkpt lat="36.2055379" lon="-115.0743880"><ele>643.82</ele><time>2026-10-01T18:01:10.600Z</time></trkpt><trkpt lat="36.2055498" lon="-115.0743332"><ele>643.87</ele><time>2026-10-01T18:01:10.700Z</time></trkpt><trkpt lat="36.2055616" lon="-115.0742784"><ele>643.92</ele><time>2026-10-01T18:01:10.800Z</time></trkpt><trkpt lat="36.2055735" lon="-115.0742236"><ele>643.97</ele><time>2026-10-01T18:01:10.900Z</time></trkpt><trkpt lat="36.2055853" lon="-115.0741688"><ele>644.02</ele><time>2026-10-01T18:01:11.000Z</time></trkpt><trkpt lat="36.2055972" lon="-115.0741140"><ele>644.07</ele><time>2026-10-01T18:01:11.100Z</time></trkpt><trkpt lat="36.2056090" lon="-115.0740592"><ele>644.12</ele><time>2026-10-01T18:01:11.200Z</time></trkpt><trkpt lat="36.2056209" lon="-115.0740044"><ele>644.18</ele><time>2026-10-01T18:01:11.300Z</time></trkpt><trkpt lat="36.2056327" lon="-115.0739496"><ele>644.23</ele><time>2026-10-01T18:01:11.400Z</time></trkpt><trkpt lat="36.2056446" lon="-115.0738948"><ele>644.28</ele><time>2026-10-01T18:01:11.500Z</time></trkpt><trkpt lat="36.2056564" lon="-115.0738400"><ele>644.33</ele><time>2026-10-01T18:01:11.600Z</time></trkpt><trkpt lat="36.2056683" lon="-115.0737852"><ele>644.38</ele><time>2026-10-01T18:01:11.700Z</time></trkpt><trkpt lat="36.2056801" lon="-115.0737304"><ele>644.43</ele><time>2026-10-01T18:01:11.800Z</time></trkpt><trkpt lat="36.2056920" lon="-115.0736756"><ele>644.48</ele><time>2026-10-01T18:01:11.900Z</time></trkpt><trkpt lat="36.2057038" lon="-115.0736208"><ele>644.53</ele><time>2026-10-01T18:01:12.000Z</time></trkpt><trkpt lat="36.2057157" lon="-115.0735660"><ele>644.58</ele><time>2026-10-01T18:01:12.100Z</time></trkpt><trkpt lat="36.2057275" lon="-115.0735112"><ele>644.63</ele><time>2026-10-01T18:01:12.200Z</time></trkpt><trkpt lat="36.2057394" lon="-115.0734564"><ele>644.69</ele><time>2026-10-01T18:01:12.300Z</time></trkpt><trkpt lat="36.2057512" lon="-115.0734016"><ele>644.74</ele><time>2026-10-01T18:01:12.400Z</time></trkpt><trkpt lat="36.2057631" lon="-115.0733468"><ele>644.79</ele><time>2026-10-01T18:01:12.500Z</time></trkpt><trkpt lat="36.2057749" lon="-115.0732920"><ele>644.84</ele><time>2026-10-01T18:01:12.600Z</time></trkpt><trkpt lat="36.2057868" lon="-115.0732372"><ele>644.89</ele><time>2026-10-01T18:01:12.700Z</time></trkpt><trkpt lat="36.2057986" lon="-115.0731824"><ele>644.94</ele><time>2026-10-01T18:01:12.800Z</time></trkpt><trkpt lat="36.2058105" lon="-115.0731276"><ele>644.99</ele><time>2026-10-01T18:01:12.900Z</time></trkpt><trkpt lat="36.2058223" lon="-115.0730728"><ele>645.04</ele><time>2026-10-01T18:01:13.000Z</time></trkpt><trkpt lat="36.2058342" lon="-115.0730180"><ele>645.09</ele><time>2026-10-01T18:01:13.100Z</time></trkpt><trkpt lat="36.2058460" lon="-115.0729632"><ele>645.14</ele><time>2026-10-01T18:01:13.200Z</time></trkpt><trkpt lat="36.2058579" lon="-115.0729084"><ele>645.20</ele><time>2026-10-01T18:01:13.300Z</time></trkpt><trkpt lat="36.2058697" lon="-115.0728536"><ele>645.25</ele><time>2026-10-01T18:01:13.400Z</time></trkpt><trkpt lat="36.2058816" lon="-115.0727988"><ele>645.30</ele><time>2026-10-01T18:01:13.500Z</time></trkpt><trkpt lat="36.2058934" lon="-115.0727440"><ele>645.35</ele><time>2026-10-01T18:01:13.600Z</time></trkpt><trkpt lat="36.2059053" lon="-115.0726892"><ele>645.40</ele><time>2026-10-01T18:01:13.700Z</time></trkpt><trkpt lat="36.2059171" lon="-115.0726344"><ele>645.45</ele><time>2026-10-01T18:01:13.800Z</time></trkpt><trkpt lat="36.2059290" lon="-115.0725796"><ele>645.50</ele><time>2026-10-01T18:01:13.900Z</time></trkpt><trkpt lat="36.2059408" lon="-115.0725248"><ele>645.55</ele><time>2026-10-01T18:01:14.000Z</time></trkpt><trkpt lat="36.2059527" lon="-115.0724700"><ele>645.60</ele><time>2026-10-01T18:01:14.100Z</time></trkpt><trkpt lat="36.2059645" lon="-115.0724152"><ele>645.65</ele><time>2026-10-01T18:01:14.200Z</time></trkpt><trkpt lat="36.2059763" lon="-115.0723604"><ele>645.70</ele><time>2026-10-01T18:01:14.300Z</time></trkpt><trkpt lat="36.2059882" lon="-115.0723056"><ele>645.76</ele><time>2026-10-01T18:01:14.400Z</time></trkpt><trkpt lat="36.2060000" lon="-115.0722508"><ele>645.81</ele><time>2026-10-01T18:01:14.500Z</time></trkpt><trkpt lat="36.2060119" lon="-115.0721960"><ele>645.86</ele><time>2026-10-01T18:01:14.600Z</time></trkpt><trkpt lat="36.2060237" lon="-115.0721412"><ele>645.91</ele><time>2026-10-01T18:01:14.700Z</time></trkpt><trkpt lat="36.2060356" lon="-115.0720864"><ele>645.96</ele><time>2026-10-01T18:01:14.800Z</time></trkpt><trkpt lat="36.2060474" lon="-115.0720316"><ele>646.01</ele><time>2026-10-01T18:01:14.900Z</time></trkpt><trkpt lat="36.2060593" lon="-115.0719768"><ele>646.06</ele><time>2026-10-01T18:01:15.000Z</time></trkpt><trkpt lat="36.2060711" lon="-115.0719220"><ele>646.11</ele><time>2026-10-01T18:01:15.100Z</time></trkpt><trkpt lat="36.2060830" lon="-115.0718672"><ele>646.16</ele><time>2026-10-01T18:01:15.200Z</time></trkpt><trkpt lat="36.2060948" lon="-115.0718124"><ele>646.21</ele><time>2026-10-01T18:01:15.300Z</time></trkpt><trkpt lat="36.2061067" lon="-115.0717576"><ele>646.27</ele><time>2026-10-01T18:01:15.400Z</time></trkpt><trkpt lat="36.2061185" lon="-115.0717028"><ele>646.32</ele><time>2026-10-01T18:01:15.500Z</time></trkpt><trkpt lat="36.2061304" lon="-115.0716480"><ele>646.37</ele><time>2026-10-01T18:01:15.600Z</time></trkpt><trkpt lat="36.2061422" lon="-115.0715932"><ele>646.42</ele><time>2026-10-01T18:01:15.700Z</time></trkpt><trkpt lat="36.2061541" lon="-115.0715384"><ele>646.47</ele><time>2026-10-01T18:01:15.800Z</time></trkpt><trkpt lat="36.2061659" lon="-115.0714836"><ele>646.52</ele><time>2026-10-01T18:01:15.900Z</time></trkpt><trkpt lat="36.2061778" lon="-115.0714288"><ele>646.57</ele><time>2026-10-01T18:01:16.000Z</time></trkpt><trkpt lat="36.2061896" lon="-115.0713740"><ele>646.62</ele><time>2026-10-01T18:01:16.100Z</time></trkpt><trkpt lat="36.2062015" lon="-115.0713193"><ele>646.67</ele><time>2026-10-01T18:01:16.200Z</time></trkpt><trkpt lat="36.2062133" lon="-115.0712645"><ele>646.72</ele><time>2026-10-01T18:01:16.300Z</time></trkpt><trkpt lat="36.2062252" lon="-115.0712097"><ele>646.77</ele><time>2026-10-01T18:01:16.400Z</time></trkpt><trkpt lat="36.2062370" lon="-115.0711549"><ele>646.83</ele><time>2026-10-01T18:01:16.500Z</time></trkpt><trkpt lat="36.2062489" lon="-115.0711001"><ele>646.88</ele><time>2026-10-01T18:01:16.600Z</time></trkpt><trkpt lat="36.2062607" lon="-115.0710453"><ele>646.93</ele><time>2026-10-01T18:01:16.700Z</time></trkpt><trkpt lat="36.2062726" lon="-115.0709905"><ele>646.98</ele><time>2026-10-01T18:01:16.800Z</time></trkpt><trkpt lat="36.2062844" lon="-115.0709357"><ele>647.03</ele><time>2026-10-01T18:01:16.900Z</time></trkpt><trkpt lat="36.2062963" lon="-115.0708809"><ele>647.08</ele><time>2026-10-01T18:01:17.000Z</time></trkpt><trkpt lat="36.2063081" lon="-115.0708261"><ele>647.13</ele><time>2026-10-01T18:01:17.100Z</time></trkpt><trkpt lat="36.2063200" lon="-115.0707713"><ele>647.18</ele><time>2026-10-01T18:01:17.200Z</time></trkpt><trkpt lat="36.2063318" lon="-115.0707165"><ele>647.23</ele><time>2026-10-01T18:01:17.300Z</time></trkpt><trkpt lat="36.2063437" lon="-115.0706617"><ele>647.28</ele><time>2026-10-01T18:01:17.400Z</time></trkpt><trkpt lat="36.2063555" lon="-115.0706069"><ele>647.34</ele><time>2026-10-01T18:01:17.500Z</time></trkpt><trkpt lat="36.2063674" lon="-115.0705521"><ele>647.39</ele><time>2026-10-01T18:01:17.600Z</time></trkpt><trkpt lat="36.2063792" lon="-115.0704973"><ele>647.44</ele><time>2026-10-01T18:01:17.700Z</time></trkpt><trkpt lat="36.2063911" lon="-115.0704425"><ele>647.49</ele><time>2026-10-01T18:01:17.800Z</time></trkpt><trkpt lat="36.2064029" lon="-115.0703877"><ele>647.54</ele><time>2026-10-01T18:01:17.900Z</time></trkpt><trkpt lat="36.2064148" lon="-115.0703329"><ele>647.59</ele><time>2026-10-01T18:01:18.000Z</time></trkpt><trkpt lat="36.2064266" lon="-115.0702781"><ele>647.64</ele><time>2026-10-01T18:01:18.100Z</time></trkpt><trkpt lat="36.2064385" lon="-115.0702233"><ele>647.69</ele><time>2026-10-01T18:01:18.200Z</time></trkpt><trkpt lat="36.2064503" lon="-115.0701685"><ele>647.74</ele><time>2026-10-01T18:01:18.300Z</time></trkpt><trkpt lat="36.2064622" lon="-115.0701137"><ele>647.79</ele><time>2026-10-01T18:01:18.400Z</time></trkpt><trkpt lat="36.2064740" lon="-115.0700589"><ele>647.85</ele><time>2026-10-01T18:01:18.500Z</time></trkpt><trkpt lat="36.2064858" lon="-115.0700041"><ele>647.90</ele><time>2026-10-01T18:01:18.600Z</time></trkpt><trkpt lat="36.2064977" lon="-115.0699493"><ele>647.95</ele><time>2026-10-01T18:01:18.700Z</time></trkpt><trkpt lat="36.2065095" lon="-115.0698945"><ele>648.00</ele><time>2026-10-01T18:01:18.800Z</time></trkpt><trkpt lat="36.2065214" lon="-115.0698397"><ele>648.05</ele><time>2026-10-01T18:01:18.900Z</time></trkpt><trkpt lat="36.2065332" lon="-115.0697849"><ele>648.10</ele><time>2026-10-01T18:01:19.000Z</time></trkpt><trkpt lat="36.2065451" lon="-115.0697301"><ele>648.15</ele><time>2026-10-01T18:01:19.100Z</time></trkpt><trkpt lat="36.2065569" lon="-115.0696753"><ele>648.20</ele><time>2026-10-01T18:01:19.200Z</time></trkpt><trkpt lat="36.2065688" lon="-115.0696205"><ele>648.25</ele><time>2026-10-01T18:01:19.300Z</time></trkpt><trkpt lat="36.2065806" lon="-115.0695657"><ele>648.30</ele><time>2026-10-01T18:01:19.400Z</time></trkpt><trkpt lat="36.2065925" lon="-115.0695109"><ele>648.35</ele><time>2026-10-01T18:01:19.500Z</time></trkpt><trkpt lat="36.2066043" lon="-115.0694561"><ele>648.41</ele><time>2026-10-01T18:01:19.600Z</time></trkpt><trkpt lat="36.2066162" lon="-115.0694013"><ele>648.46</ele><time>2026-10-01T18:01:19.700Z</time></trkpt><trkpt lat="36.2066280" lon="-115.0693465"><ele>648.51</ele><time>2026-10-01T18:01:19.800Z</time></trkpt><trkpt lat="36.2066399" lon="-115.0692917"><ele>648.56</ele><time>2026-10-01T18:01:19.900Z</time></trkpt><trkpt lat="36.2066517" lon="-115.0692369"><ele>648.61</ele><time>2026-10-01T18:01:20.000Z</time></trkpt><trkpt lat="36.2066636" lon="-115.0691821"><ele>648.66</ele><time>2026-10-01T18:01:20.100Z</time></trkpt><trkpt lat="36.2066754" lon="-115.0691273"><ele>648.71</ele><time>2026-10-01T18:01:20.200Z</time></trkpt><trkpt lat="36.2066873" lon="-115.0690725"><ele>648.76</ele><time>2026-10-01T18:01:20.300Z</time></trkpt><trkpt lat="36.2066991" lon="-115.0690177"><ele>648.81</ele><time>2026-10-01T18:01:20.400Z</time></trkpt><trkpt lat="36.2067110" lon="-115.0689629"><ele>648.86</ele><time>2026-10-01T18:01:20.500Z</time></trkpt><trkpt lat="36.2067228" lon="-115.0689081"><ele>648.92</ele><time>2026-10-01T18:01:20.600Z</time></trkpt><trkpt lat="36.2067347" lon="-115.0688533"><ele>648.97</ele><time>2026-10-01T18:01:20.700Z</time></trkpt><trkpt lat="36.2067465" lon="-115.0687985"><ele>649.02</ele><time>2026-10-01T18:01:20.800Z</time></trkpt><trkpt lat="36.2067584" lon="-115.0687437"><ele>649.07</ele><time>2026-10-01T18:01:20.900Z</time></trkpt><trkpt lat="36.2067702" lon="-115.0686889"><ele>649.12</ele><time>2026-10-01T18:01:21.000Z</time></trkpt><trkpt lat="36.2067821" lon="-115.0686341"><ele>649.17</ele><time>2026-10-01T18:01:21.100Z</time></trkpt><trkpt lat="36.2067939" lon="-115.0685793"><ele>649.22</ele><time>2026-10-01T18:01:21.200Z</time></trkpt><trkpt lat="36.2068058" lon="-115.0685245"><ele>649.27</ele><time>2026-10-01T18:01:21.300Z</time></trkpt><trkpt lat="36.2068176" lon="-115.0684697"><ele>649.32</ele><time>2026-10-01T18:01:21.400Z</time></trkpt><trkpt lat="36.2068295" lon="-115.0684149"><ele>649.37</ele><time>2026-10-01T18:01:21.500Z</time></trkpt><trkpt lat="36.2068413" lon="-115.0683601"><ele>649.42</ele><time>2026-10-01T18:01:21.600Z</time></trkpt><trkpt lat="36.2068532" lon="-115.0683053"><ele>649.48</ele><time>2026-10-01T18:01:21.700Z</time></trkpt><trkpt lat="36.2068650" lon="-115.0682505"><ele>649.53</ele><time>2026-10-01T18:01:21.800Z</time></trkpt><trkpt lat="36.2068769" lon="-115.0681957"><ele>649.58</ele><time>2026-10-01T18:01:21.900Z</time></trkpt><trkpt lat="36.2068887" lon="-115.0681409"><ele>649.63</ele><time>2026-10-01T18:01:22.000Z</time></trkpt><trkpt lat="36.2069006" lon="-115.0680861"><ele>649.68</ele><time>2026-10-01T18:01:22.100Z</time></trkpt><trkpt lat="36.2069124" lon="-115.0680313"><ele>649.73</ele><time>2026-10-01T18:01:22.200Z</time></trkpt><trkpt lat="36.2069243" lon="-115.0679765"><ele>649.78</ele><time>2026-10-01T18:01:22.300Z</time></trkpt><trkpt lat="36.2069361" lon="-115.0679217"><ele>649.83</ele><time>2026-10-01T18:01:22.400Z</time></trkpt><trkpt lat="36.2069480" lon="-115.0678669"><ele>649.88</ele><time>2026-10-01T18:01:22.500Z</time></trkpt><trkpt lat="36.2069598" lon="-115.0678121"><ele>649.93</ele><time>2026-10-01T18:01:22.600Z</time></trkpt><trkpt lat="36.2069716" lon="-115.0677573"><ele>649.99</ele><time>2026-10-01T18:01:22.700Z</time></trkpt><trkpt lat="36.2069835" lon="-115.0677025"><ele>650.04</ele><time>2026-10-01T18:01:22.800Z</time></trkpt><trkpt lat="36.2069953" lon="-115.0676477"><ele>650.09</ele><time>2026-10-01T18:01:22.900Z</time></trkpt><trkpt lat="36.2070072" lon="-115.0675929"><ele>650.14</ele><time>2026-10-01T18:01:23.000Z</time></trkpt><trkpt lat="36.2070190" lon="-115.0675381"><ele>650.19</ele><time>2026-10-01T18:01:23.100Z</time></trkpt><trkpt lat="36.2070309" lon="-115.0674833"><ele>650.24</ele><time>2026-10-01T18:01:23.200Z</time></trkpt><trkpt lat="36.2070427" lon="-115.0674285"><ele>650.29</ele><time>2026-10-01T18:01:23.300Z</time></trkpt><trkpt lat="36.2070546" lon="-115.0673738"><ele>650.34</ele><time>2026-10-01T18:01:23.400Z</time></trkpt><trkpt lat="36.2070664" lon="-115.0673190"><ele>650.39</ele><time>2026-10-01T18:01:23.500Z</time></trkpt><trkpt lat="36.2070783" lon="-115.0672642"><ele>650.44</ele><time>2026-10-01T18:01:23.600Z</time></trkpt><trkpt lat="36.2070901" lon="-115.0672094"><ele>650.50</ele><time>2026-10-01T18:01:23.700Z</time></trkpt><trkpt lat="36.2071020" lon="-115.0671546"><ele>650.55</ele><time>2026-10-01T18:01:23.800Z</time></trkpt><trkpt lat="36.2071138" lon="-115.0670998"><ele>650.60</ele><time>2026-10-01T18:01:23.900Z</time></trkpt><trkpt lat="36.2071257" lon="-115.0670450"><ele>650.65</ele><time>2026-10-01T18:01:24.000Z</time></trkpt><trkpt lat="36.2071375" lon="-115.0669902"><ele>650.70</ele><time>2026-10-01T18:01:24.100Z</time></trkpt><trkpt lat="36.2071494" lon="-115.0669354"><ele>650.75</ele><time>2026-10-01T18:01:24.200Z</time></trkpt><trkpt lat="36.2071612" lon="-115.0668806"><ele>650.80</ele><time>2026-10-01T18:01:24.300Z</time></trkpt><trkpt lat="36.2071731" lon="-115.0668258"><ele>650.85</ele><time>2026-10-01T18:01:24.400Z</time></trkpt><trkpt lat="36.2071849" lon="-115.0667710"><ele>650.90</ele><time>2026-10-01T18:01:24.500Z</time></trkpt><trkpt lat="36.2071968" lon="-115.0667162"><ele>650.95</ele><time>2026-10-01T18:01:24.600Z</time></trkpt><trkpt lat="36.2072086" lon="-115.0666614"><ele>651.00</ele><time>2026-10-01T18:01:24.700Z</time></trkpt><trkpt lat="36.2072205" lon="-115.0666066"><ele>651.06</ele><time>2026-10-01T18:01:24.800Z</time></trkpt><trkpt lat="36.2072323" lon="-115.0665518"><ele>651.11</ele><time>2026-10-01T18:01:24.900Z</time></trkpt><trkpt lat="36.2072442" lon="-115.0664970"><ele>651.16</ele><time>2026-10-01T18:01:25.000Z</time></trkpt><trkpt lat="36.2072560" lon="-115.0664422"><ele>651.21</ele><time>2026-10-01T18:01:25.100Z</time></trkpt><trkpt lat="36.2072679" lon="-115.0663874"><ele>651.26</ele><time>2026-10-01T18:01:25.200Z</time></trkpt><trkpt lat="36.2072797" lon="-115.0663326"><ele>651.31</ele><time>2026-10-01T18:01:25.300Z</time></trkpt><trkpt lat="36.2072916" lon="-115.0662778"><ele>651.36</ele><time>2026-10-01T18:01:25.400Z</time></trkpt><trkpt lat="36.2073034" lon="-115.0662230"><ele>651.41</ele><time>2026-10-01T18:01:25.500Z</time></trkpt><trkpt lat="36.2073153" lon="-115.0661682"><ele>651.46</ele><time>2026-10-01T18:01:25.600Z</time></trkpt><trkpt lat="36.2073271" lon="-115.0661134"><ele>651.51</ele><time>2026-10-01T18:01:25.700Z</time></trkpt><trkpt lat="36.2073390" lon="-115.0660586"><ele>651.57</ele><time>2026-10-01T18:01:25.800Z</time></trkpt><trkpt lat="36.2073508" lon="-115.0660038"><ele>651.62</ele><time>2026-10-01T18:01:25.900Z</time></trkpt><trkpt lat="36.2073627" lon="-115.0659490"><ele>651.67</ele><time>2026-10-01T18:01:26.000Z</time></trkpt><trkpt lat="36.2073745" lon="-115.0658942"><ele>651.72</ele><time>2026-10-01T18:01:26.100Z</time></trkpt><trkpt lat="36.2073864" lon="-115.0658394"><ele>651.77</ele><time>2026-10-01T18:01:26.200Z</time></trkpt><trkpt lat="36.2073982" lon="-115.0657846"><ele>651.82</ele><time>2026-10-01T18:01:26.300Z</time></trkpt><trkpt lat="36.2074101" lon="-115.0657298"><ele>651.87</ele><time>2026-10-01T18:01:26.400Z</time></trkpt><trkpt lat="36.2074219" lon="-115.0656750"><ele>651.92</ele><time>2026-10-01T18:01:26.500Z</time></trkpt><trkpt lat="36.2074338" lon="-115.0656202"><ele>651.97</ele><time>2026-10-01T18:01:26.600Z</time></trkpt><trkpt lat="36.2074456" lon="-115.0655654"><ele>652.02</ele><time>2026-10-01T18:01:26.700Z</time></trkpt><trkpt lat="36.2074574" lon="-115.0655106"><ele>652.08</ele><time>2026-10-01T18:01:26.800Z</time></trkpt><trkpt lat="36.2074693" lon="-115.0654558"><ele>652.13</ele><time>2026-10-01T18:01:26.900Z</time></trkpt><trkpt lat="36.2074811" lon="-115.0654010"><ele>652.18</ele><time>2026-10-01T18:01:27.000Z</time></trkpt><trkpt lat="36.2074930" lon="-115.0653462"><ele>652.23</ele><time>2026-10-01T18:01:27.100Z</time></trkpt><trkpt lat="36.2075048" lon="-115.0652914"><ele>652.28</ele><time>2026-10-01T18:01:27.200Z</time></trkpt><trkpt lat="36.2075167" lon="-115.0652366"><ele>652.33</ele><time>2026-10-01T18:01:27.300Z</time></trkpt><trkpt lat="36.2075285" lon="-115.0651818"><ele>652.38</ele><time>2026-10-01T18:01:27.400Z</time></trkpt><trkpt lat="36.2075404" lon="-115.0651270"><ele>652.43</ele><time>2026-10-01T18:01:27.500Z</time></trkpt><trkpt lat="36.2075522" lon="-115.0650722"><ele>652.48</ele><time>2026-10-01T18:01:27.600Z</time></trkpt><trkpt lat="36.2075641" lon="-115.0650174"><ele>652.53</ele><time>2026-10-01T18:01:27.700Z</time></trkpt><trkpt lat="36.2075759" lon="-115.0649626"><ele>652.58</ele><time>2026-10-01T18:01:27.800Z</time></trkpt><trkpt lat="36.2075878" lon="-115.0649078"><ele>652.64</ele><time>2026-10-01T18:01:27.900Z</time></trkpt><trkpt lat="36.2075996" lon="-115.0648530"><ele>652.69</ele><time>2026-10-01T18:01:28.000Z</time></trkpt><trkpt lat="36.2076115" lon="-115.0647982"><ele>652.74</ele><time>2026-10-01T18:01:28.100Z</time></trkpt><trkpt lat="36.2076233" lon="-115.0647434"><ele>652.79</ele><time>2026-10-01T18:01:28.200Z</time></trkpt><trkpt lat="36.2076352" lon="-115.0646886"><ele>652.84</ele><time>2026-10-01T18:01:28.300Z</time></trkpt><trkpt lat="36.2076470" lon="-115.0646338"><ele>652.89</ele><time>2026-10-01T18:01:28.400Z</time></trkpt><trkpt lat="36.2076589" lon="-115.0645790"><ele>652.94</ele><time>2026-10-01T18:01:28.500Z</time></trkpt><trkpt lat="36.2076707" lon="-115.0645242"><ele>652.99</ele><time>2026-10-01T18:01:28.600Z</time></trkpt><trkpt lat="36.2076826" lon="-115.0644694"><ele>653.04</ele><time>2026-10-01T18:01:28.700Z</time></trkpt><trkpt lat="36.2076944" lon="-115.0644146"><ele>653.09</ele><time>2026-10-01T18:01:28.800Z</time></trkpt><trkpt lat="36.2077063" lon="-115.0643598"><ele>653.15</ele><time>2026-10-01T18:01:28.900Z</time></trkpt><trkpt lat="36.2077181" lon="-115.0643050"><ele>653.20</ele><time>2026-10-01T18:01:29.000Z</time></trkpt><trkpt lat="36.2077300" lon="-115.0642502"><ele>653.25</ele><time>2026-10-01T18:01:29.100Z</time></trkpt><trkpt lat="36.2077418" lon="-115.0641954"><ele>653.30</ele><time>2026-10-01T18:01:29.200Z</time></trkpt><trkpt lat="36.2077537" lon="-115.0641406"><ele>653.35</ele><time>2026-10-01T18:01:29.300Z</time></trkpt><trkpt lat="36.2077655" lon="-115.0640858"><ele>653.40</ele><time>2026-10-01T18:01:29.400Z</time></trkpt><trkpt lat="36.2077774" lon="-115.0640310"><ele>653.45</ele><time>2026-10-01T18:01:29.500Z</time></trkpt><trkpt lat="36.2077892" lon="-115.0639762"><ele>653.50</ele><time>2026-10-01T18:01:29.600Z</time></trkpt><trkpt lat="36.2078011" lon="-115.0639214"><ele>653.55</ele><time>2026-10-01T18:01:29.700Z</time></trkpt><trkpt lat="36.2078129" lon="-115.0638666"><ele>653.60</ele><time>2026-10-01T18:01:29.800Z</time></trkpt><trkpt lat="36.2078248" lon="-115.0638118"><ele>653.65</ele><time>2026-10-01T18:01:29.900Z</time></trkpt><trkpt lat="36.2078366" lon="-115.0637570"><ele>653.71</ele><time>2026-10-01T18:01:30.000Z</time></trkpt><trkpt lat="36.2078485" lon="-115.0637022"><ele>653.76</ele><time>2026-10-01T18:01:30.100Z</time></trkpt><trkpt lat="36.2078603" lon="-115.0636474"><ele>653.81</ele><time>2026-10-01T18:01:30.200Z</time></trkpt><trkpt lat="36.2078722" lon="-115.0635926"><ele>653.86</ele><time>2026-10-01T18:01:30.300Z</time></trkpt><trkpt lat="36.2078840" lon="-115.0635378"><ele>653.91</ele><time>2026-10-01T18:01:30.400Z</time></trkpt><trkpt lat="36.2078959" lon="-115.0634830"><ele>653.96</ele><time>2026-10-01T18:01:30.500Z</time></trkpt><trkpt lat="36.2079077" lon="-115.0634282"><ele>654.01</ele><time>2026-10-01T18:01:30.600Z</time></trkpt><trkpt lat="36.2079196" lon="-115.0633735"><ele>654.06</ele><time>2026-10-01T18:01:30.700Z</time></trkpt><trkpt lat="36.2079314" lon="-115.0633187"><ele>654.11</ele><time>2026-10-01T18:01:30.800Z</time></trkpt><trkpt lat="36.2079432" lon="-115.0632639"><ele>654.16</ele><time>2026-10-01T18:01:30.900Z</time></trkpt><trkpt lat="36.2079551" lon="-115.0632091"><ele>654.22</ele><time>2026-10-01T18:01:31.000Z</time></trkpt><trkpt lat="36.2079669" lon="-115.0631543"><ele>654.27</ele><time>2026-10-01T18:01:31.100Z</time></trkpt><trkpt lat="36.2079788" lon="-115.0630995"><ele>654.32</ele><time>2026-10-01T18:01:31.200Z</time></trkpt><trkpt lat="36.2079906" lon="-115.0630447"><ele>654.37</ele><time>2026-10-01T18:01:31.300Z</time></trkpt><trkpt lat="36.2080025" lon="-115.0629899"><ele>654.42</ele><time>2026-10-01T18:01:31.400Z</time></trkpt><trkpt lat="36.2080143" lon="-115.0629351"><ele>654.47</ele><time>2026-10-01T18:01:31.500Z</time></trkpt><trkpt lat="36.2080262" lon="-115.0628803"><ele>654.52</ele><time>2026-10-01T18:01:31.600Z</time></trkpt><trkpt lat="36.2080380" lon="-115.0628255"><ele>654.57</ele><time>2026-10-01T18:01:31.700Z</time></trkpt><trkpt lat="36.2080499" lon="-115.0627707"><ele>654.62</ele><time>2026-10-01T18:01:31.800Z</time></trkpt><trkpt lat="36.2080617" lon="-115.0627159"><ele>654.67</ele><time>2026-10-01T18:01:31.900Z</time></trkpt><trkpt lat="36.2080736" lon="-115.0626611"><ele>654.73</ele><time>2026-10-01T18:01:32.000Z</time></trkpt><trkpt lat="36.2080854" lon="-115.0626063"><ele>654.78</ele><time>2026-10-01T18:01:32.100Z</time></trkpt><trkpt lat="36.2080973" lon="-115.0625515"><ele>654.83</ele><time>2026-10-01T18:01:32.200Z</time></trkpt><trkpt lat="36.2081091" lon="-115.0624967"><ele>654.88</ele><time>2026-10-01T18:01:32.300Z</time></trkpt><trkpt lat="36.2081210" lon="-115.0624419"><ele>654.93</ele><time>2026-10-01T18:01:32.400Z</time></trkpt><trkpt lat="36.2081328" lon="-115.0623871"><ele>654.98</ele><time>2026-10-01T18:01:32.500Z</time></trkpt><trkpt lat="36.2081447" lon="-115.0623323"><ele>655.03</ele><time>2026-10-01T18:01:32.600Z</time></trkpt><trkpt lat="36.2081565" lon="-115.0622775"><ele>655.08</ele><time>2026-10-01T18:01:32.700Z</time></trkpt><trkpt lat="36.2081684" lon="-115.0622227"><ele>655.13</ele><time>2026-10-01T18:01:32.800Z</time></trkpt><trkpt lat="36.2081802" lon="-115.0621679"><ele>655.18</ele><time>2026-10-01T18:01:32.900Z</time></trkpt><trkpt lat="36.2081921" lon="-115.0621131"><ele>655.23</ele><time>2026-10-01T18:01:33.000Z</time></trkpt><trkpt lat="36.2082039" lon="-115.0620583"><ele>655.29</ele><time>2026-10-01T18:01:33.100Z</time></trkpt><trkpt lat="36.2082158" lon="-115.0620035"><ele>655.34</ele><time>2026-10-01T18:01:33.200Z</time></trkpt><trkpt lat="36.2082276" lon="-115.0619487"><ele>655.39</ele><time>2026-10-01T18:01:33.300Z</time></trkpt><trkpt lat="36.2082395" lon="-115.0618939"><ele>655.44</ele><time>2026-10-01T18:01:33.400Z</time></trkpt><trkpt lat="36.2082513" lon="-115.0618391"><ele>655.49</ele><time>2026-10-01T18:01:33.500Z</time></trkpt><trkpt lat="36.2082632" lon="-115.0617843"><ele>655.54</ele><time>2026-10-01T18:01:33.600Z</time></trkpt><trkpt lat="36.2082750" lon="-115.0617295"><ele>655.59</ele><time>2026-10-01T18:01:33.700Z</time></trkpt><trkpt lat="36.2082869" lon="-115.0616747"><ele>655.64</ele><time>2026-10-01T18:01:33.800Z</time></trkpt><trkpt lat="36.2082987" lon="-115.0616199"><ele>655.69</ele><time>2026-10-01T18:01:33.900Z</time></trkpt><trkpt lat="36.2083106" lon="-115.0615651"><ele>655.74</ele><time>2026-10-01T18:01:34.000Z</time></trkpt><trkpt lat="36.2083224" lon="-115.0615103"><ele>655.80</ele><time>2026-10-01T18:01:34.100Z</time></trkpt><trkpt lat="36.2083343" lon="-115.0614555"><ele>655.85</ele><time>2026-10-01T18:01:34.200Z</time></trkpt><trkpt lat="36.2083461" lon="-115.0614007"><ele>655.90</ele><time>2026-10-01T18:01:34.300Z</time></trkpt><trkpt lat="36.2083580" lon="-115.0613459"><ele>655.95</ele><time>2026-10-01T18:01:34.400Z</time></trkpt><trkpt lat="36.2083698" lon="-115.0612911"><ele>656.00</ele><time>2026-10-01T18:01:34.500Z</time></trkpt><trkpt lat="36.2083817" lon="-115.0612363"><ele>656.05</ele><time>2026-10-01T18:01:34.600Z</time></trkpt><trkpt lat="36.2083935" lon="-115.0611815"><ele>656.10</ele><time>2026-10-01T18:01:34.700Z</time></trkpt><trkpt lat="36.2084054" lon="-115.0611267"><ele>656.15</ele><time>2026-10-01T18:01:34.800Z</time></trkpt><trkpt lat="36.2084172" lon="-115.0610719"><ele>656.20</ele><time>2026-10-01T18:01:34.900Z</time></trkpt><trkpt lat="36.2084291" lon="-115.0610171"><ele>656.25</ele><time>2026-10-01T18:01:35.000Z</time></trkpt><trkpt lat="36.2084409" lon="-115.0609623"><ele>656.30</ele><time>2026-10-01T18:01:35.100Z</time></trkpt><trkpt lat="36.2084527" lon="-115.0609075"><ele>656.36</ele><time>2026-10-01T18:01:35.200Z</time></trkpt><trkpt lat="36.2084646" lon="-115.0608527"><ele>656.41</ele><time>2026-10-01T18:01:35.300Z</time></trkpt><trkpt lat="36.2084764" lon="-115.0607979"><ele>656.46</ele><time>2026-10-01T18:01:35.400Z</time></trkpt><trkpt lat="36.2084883" lon="-115.0607431"><ele>656.51</ele><time>2026-10-01T18:01:35.500Z</time></trkpt><trkpt lat="36.2085001" lon="-115.0606883"><ele>656.56</ele><time>2026-10-01T18:01:35.600Z</time></trkpt><trkpt lat="36.2085120" lon="-115.0606335"><ele>656.61</ele><time>2026-10-01T18:01:35.700Z</time></trkpt><trkpt lat="36.2085238" lon="-115.0605787"><ele>656.66</ele><time>2026-10-01T18:01:35.800Z</time></trkpt><trkpt lat="36.2085357" lon="-115.0605239"><ele>656.71</ele><time>2026-10-01T18:01:35.900Z</time></trkpt><trkpt lat="36.2085475" lon="-115.0604691"><ele>656.76</ele><time>2026-10-01T18:01:36.000Z</time></trkpt><trkpt lat="36.2085594" lon="-115.0604143"><ele>656.81</ele><time>2026-10-01T18:01:36.100Z</time></trkpt><trkpt lat="36.2085712" lon="-115.0603595"><ele>656.87</ele><time>2026-10-01T18:01:36.200Z</time></trkpt><trkpt lat="36.2085831" lon="-115.0603047"><ele>656.92</ele><time>2026-10-01T18:01:36.300Z</time></trkpt><trkpt lat="36.2085949" lon="-115.0602499"><ele>656.97</ele><time>2026-10-01T18:01:36.400Z</time></trkpt><trkpt lat="36.2086068" lon="-115.0601951"><ele>657.02</ele><time>2026-10-01T18:01:36.500Z</time></trkpt><trkpt lat="36.2086186" lon="-115.0601403"><ele>657.07</ele><time>2026-10-01T18:01:36.600Z</time></trkpt><trkpt lat="36.2086305" lon="-115.0600855"><ele>657.12</ele><time>2026-10-01T18:01:36.700Z</time></trkpt><trkpt lat="36.2086423" lon="-115.0600307"><ele>657.17</ele><time>2026-10-01T18:01:36.800Z</time></trkpt><trkpt lat="36.2086542" lon="-115.0599759"><ele>657.22</ele><time>2026-10-01T18:01:36.900Z</time></trkpt><trkpt lat="36.2086660" lon="-115.0599211"><ele>657.27</ele><time>2026-10-01T18:01:37.000Z</time></trkpt><trkpt lat="36.2086779" lon="-115.0598663"><ele>657.32</ele><time>2026-10-01T18:01:37.100Z</time></trkpt><trkpt lat="36.2086897" lon="-115.0598115"><ele>657.38</ele><time>2026-10-01T18:01:37.200Z</time></trkpt><trkpt lat="36.2087016" lon="-115.0597567"><ele>657.43</ele><time>2026-10-01T18:01:37.300Z</time></trkpt><trkpt lat="36.2087134" lon="-115.0597019"><ele>657.48</ele><time>2026-10-01T18:01:37.400Z</time></trkpt><trkpt lat="36.2087253" lon="-115.0596471"><ele>657.53</ele><time>2026-10-01T18:01:37.500Z</time></trkpt><trkpt lat="36.2087371" lon="-115.0595923"><ele>657.58</ele><time>2026-10-01T18:01:37.600Z</time></trkpt><trkpt lat="36.2087490" lon="-115.0595375"><ele>657.63</ele><time>2026-10-01T18:01:37.700Z</time></trkpt><trkpt lat="36.2087608" lon="-115.0594827"><ele>657.68</ele><time>2026-10-01T18:01:37.800Z</time></trkpt><trkpt lat="36.2087727" lon="-115.0594280"><ele>657.73</ele><time>2026-10-01T18:01:37.900Z</time></trkpt><trkpt lat="36.2087845" lon="-115.0593732"><ele>657.78</ele><time>2026-10-01T18:01:38.000Z</time></trkpt><trkpt lat="36.2087964" lon="-115.0593184"><ele>657.83</ele><time>2026-10-01T18:01:38.100Z</time></trkpt><trkpt lat="36.2088082" lon="-115.0592636"><ele>657.88</ele><time>2026-10-01T18:01:38.200Z</time></trkpt><trkpt lat="36.2088201" lon="-115.0592088"><ele>657.94</ele><time>2026-10-01T18:01:38.300Z</time></trkpt><trkpt lat="36.2088319" lon="-115.0591540"><ele>657.99</ele><time>2026-10-01T18:01:38.400Z</time></trkpt><trkpt lat="36.2088438" lon="-115.0590992"><ele>658.04</ele><time>2026-10-01T18:01:38.500Z</time></trkpt><trkpt lat="36.2088556" lon="-115.0590444"><ele>658.09</ele><time>2026-10-01T18:01:38.600Z</time></trkpt><trkpt lat="36.2088675" lon="-115.0589896"><ele>658.14</ele><time>2026-10-01T18:01:38.700Z</time></trkpt><trkpt lat="36.2088793" lon="-115.0589348"><ele>658.19</ele><time>2026-10-01T18:01:38.800Z</time></trkpt><trkpt lat="36.2088912" lon="-115.0588800"><ele>658.24</ele><time>2026-10-01T18:01:38.900Z</time></trkpt><trkpt lat="36.2089030" lon="-115.0588252"><ele>658.29</ele><time>2026-10-01T18:01:39.000Z</time></trkpt><trkpt lat="36.2089149" lon="-115.0587704"><ele>658.34</ele><time>2026-10-01T18:01:39.100Z</time></trkpt><trkpt lat="36.2089267" lon="-115.0587156"><ele>658.39</ele><time>2026-10-01T18:01:39.200Z</time></trkpt><trkpt lat="36.2089385" lon="-115.0586608"><ele>658.45</ele><time>2026-10-01T18:01:39.300Z</time></trkpt><trkpt lat="36.2089504" lon="-115.0586060"><ele>658.50</ele><time>2026-10-01T18:01:39.400Z</time></trkpt><trkpt lat="36.2089622" lon="-115.0585512"><ele>658.55</ele><time>2026-10-01T18:01:39.500Z</time></trkpt><trkpt lat="36.2089741" lon="-115.0584964"><ele>658.60</ele><time>2026-10-01T18:01:39.600Z</time></trkpt><trkpt lat="36.2089859" lon="-115.0584416"><ele>658.65</ele><time>2026-10-01T18:01:39.700Z</time></trkpt><trkpt lat="36.2089978" lon="-115.0583868"><ele>658.70</ele><time>2026-10-01T18:01:39.800Z</time></trkpt><trkpt lat="36.2090096" lon="-115.0583320"><ele>658.75</ele><time>2026-10-01T18:01:39.900Z</time></trkpt><trkpt lat="36.2090215" lon="-115.0582772"><ele>658.80</ele><time>2026-10-01T18:01:40.000Z</time></trkpt><trkpt lat="36.2090333" lon="-115.0582224"><ele>658.85</ele><time>2026-10-01T18:01:40.100Z</time></trkpt><trkpt lat="36.2090452" lon="-115.0581676"><ele>658.90</ele><time>2026-10-01T18:01:40.200Z</time></trkpt><trkpt lat="36.2090570" lon="-115.0581128"><ele>658.95</ele><time>2026-10-01T18:01:40.300Z</time></trkpt><trkpt lat="36.2090689" lon="-115.0580580"><ele>659.01</ele><time>2026-10-01T18:01:40.400Z</time></trkpt><trkpt lat="36.2090807" lon="-115.0580032"><ele>659.06</ele><time>2026-10-01T18:01:40.500Z</time></trkpt><trkpt lat="36.2090926" lon="-115.0579484"><ele>659.11</ele><time>2026-10-01T18:01:40.600Z</time></trkpt><trkpt lat="36.2091044" lon="-115.0578936"><ele>659.16</ele><time>2026-10-01T18:01:40.700Z</time></trkpt><trkpt lat="36.2091163" lon="-115.0578388"><ele>659.21</ele><time>2026-10-01T18:01:40.800Z</time></trkpt><trkpt lat="36.2091281" lon="-115.0577840"><ele>659.26</ele><time>2026-10-01T18:01:40.900Z</time></trkpt><trkpt lat="36.2091400" lon="-115.0577292"><ele>659.31</ele><time>2026-10-01T18:01:41.000Z</time></trkpt><trkpt lat="36.2091518" lon="-115.0576744"><ele>659.36</ele><time>2026-10-01T18:01:41.100Z</time></trkpt><trkpt lat="36.2091637" lon="-115.0576196"><ele>659.41</ele><time>2026-10-01T18:01:41.200Z</time></trkpt><trkpt lat="36.2091755" lon="-115.0575648"><ele>659.46</ele><time>2026-10-01T18:01:41.300Z</time></trkpt><trkpt lat="36.2091874" lon="-115.0575100"><ele>659.52</ele><time>2026-10-01T18:01:41.400Z</time></trkpt><trkpt lat="36.2091992" lon="-115.0574552"><ele>659.57</ele><time>2026-10-01T18:01:41.500Z</time></trkpt><trkpt lat="36.2092111" lon="-115.0574004"><ele>659.62</ele><time>2026-10-01T18:01:41.600Z</time></trkpt><trkpt lat="36.2092229" lon="-115.0573456"><ele>659.67</ele><time>2026-10-01T18:01:41.700Z</time></trkpt><trkpt lat="36.2092348" lon="-115.0572908"><ele>659.72</ele><time>2026-10-01T18:01:41.800Z</time></trkpt><trkpt lat="36.2092466" lon="-115.0572360"><ele>659.77</ele><time>2026-10-01T18:01:41.900Z</time></trkpt><trkpt lat="36.2092585" lon="-115.0571812"><ele>659.82</ele><time>2026-10-01T18:01:42.000Z</time></trkpt><trkpt lat="36.2092703" lon="-115.0571264"><ele>659.87</ele><time>2026-10-01T18:01:42.100Z</time></trkpt><trkpt lat="36.2092822" lon="-115.0570716"><ele>659.92</ele><time>2026-10-01T18:01:42.200Z</time></trkpt><trkpt lat="36.2092940" lon="-115.0570168"><ele>659.97</ele><time>2026-10-01T18:01:42.300Z</time></trkpt><trkpt lat="36.2093059" lon="-115.0569620"><ele>660.03</ele><time>2026-10-01T18:01:42.400Z</time></trkpt><trkpt lat="36.2093177" lon="-115.0569072"><ele>660.08</ele><time>2026-10-01T18:01:42.500Z</time></trkpt><trkpt lat="36.2093296" lon="-115.0568524"><ele>660.13</ele><time>2026-10-01T18:01:42.600Z</time></trkpt><trkpt lat="36.2093414" lon="-115.0567976"><ele>660.18</ele><time>2026-10-01T18:01:42.700Z</time></trkpt><trkpt lat="36.2093533" lon="-115.0567428"><ele>660.23</ele><time>2026-10-01T18:01:42.800Z</time></trkpt><trkpt lat="36.2093651" lon="-115.0566880"><ele>660.28</ele><time>2026-10-01T18:01:42.900Z</time></trkpt><trkpt lat="36.2093770" lon="-115.0566332"><ele>660.33</ele><time>2026-10-01T18:01:43.000Z</time></trkpt><trkpt lat="36.2093888" lon="-115.0565784"><ele>660.38</ele><time>2026-10-01T18:01:43.100Z</time></trkpt><trkpt lat="36.2094007" lon="-115.0565236"><ele>660.43</ele><time>2026-10-01T18:01:43.200Z</time></trkpt><trkpt lat="36.2094125" lon="-115.0564688"><ele>660.48</ele><time>2026-10-01T18:01:43.300Z</time></trkpt><trkpt lat="36.2094243" lon="-115.0564140"><ele>660.53</ele><time>2026-10-01T18:01:43.400Z</time></trkpt><trkpt lat="36.2094362" lon="-115.0563592"><ele>660.59</ele><time>2026-10-01T18:01:43.500Z</time></trkpt><trkpt lat="36.2094480" lon="-115.0563044"><ele>660.64</ele><time>2026-10-01T18:01:43.600Z</time></trkpt><trkpt lat="36.2094599" lon="-115.0562496"><ele>660.69</ele><time>2026-10-01T18:01:43.700Z</time></trkpt><trkpt lat="36.2094717" lon="-115.0561948"><ele>660.74</ele><time>2026-10-01T18:01:43.800Z</time></trkpt><trkpt lat="36.2094836" lon="-115.0561400"><ele>660.79</ele><time>2026-10-01T18:01:43.900Z</time></trkpt><trkpt lat="36.2094954" lon="-115.0560852"><ele>660.84</ele><time>2026-10-01T18:01:44.000Z</time></trkpt><trkpt lat="36.2095073" lon="-115.0560304"><ele>660.89</ele><time>2026-10-01T18:01:44.100Z</time></trkpt><trkpt lat="36.2095191" lon="-115.0559756"><ele>660.94</ele><time>2026-10-01T18:01:44.200Z</time></trkpt><trkpt lat="36.2095310" lon="-115.0559208"><ele>660.99</ele><time>2026-10-01T18:01:44.300Z</time></trkpt><trkpt lat="36.2095428" lon="-115.0558660"><ele>661.04</ele><time>2026-10-01T18:01:44.400Z</time></trkpt><trkpt lat="36.2095547" lon="-115.0558112"><ele>661.10</ele><time>2026-10-01T18:01:44.500Z</time></trkpt><trkpt lat="36.2095665" lon="-115.0557564"><ele>661.15</ele><time>2026-10-01T18:01:44.600Z</time></trkpt><trkpt lat="36.2095784" lon="-115.0557016"><ele>661.20</ele><time>2026-10-01T18:01:44.700Z</time></trkpt><trkpt lat="36.2095902" lon="-115.0556468"><ele>661.25</ele><time>2026-10-01T18:01:44.800Z</time></trkpt><trkpt lat="36.2096021" lon="-115.0555920"><ele>661.30</ele><time>2026-10-01T18:01:44.900Z</time></trkpt><trkpt lat="36.2096139" lon="-115.0555372"><ele>661.35</ele><time>2026-10-01T18:01:45.000Z</time></trkpt><trkpt lat="36.2096258" lon="-115.0554824"><ele>661.40</ele><time>2026-10-01T18:01:45.100Z</time></trkpt><trkpt lat="36.2096376" lon="-115.0554277"><ele>661.45</ele><time>2026-10-01T18:01:45.200Z</time></trkpt><trkpt lat="36.2096495" lon="-115.0553729"><ele>661.50</ele><time>2026-10-01T18:01:45.300Z</time></trkpt><trkpt lat="36.2096613" lon="-115.0553181"><ele>661.55</ele><time>2026-10-01T18:01:45.400Z</time></trkpt><trkpt lat="36.2096732" lon="-115.0552633"><ele>661.61</ele><time>2026-10-01T18:01:45.500Z</time></trkpt><trkpt lat="36.2096850" lon="-115.0552085"><ele>661.66</ele><time>2026-10-01T18:01:45.600Z</time></trkpt><trkpt lat="36.2096969" lon="-115.0551537"><ele>661.71</ele><time>2026-10-01T18:01:45.700Z</time></trkpt><trkpt lat="36.2097087" lon="-115.0550989"><ele>661.76</ele><time>2026-10-01T18:01:45.800Z</time></trkpt><trkpt lat="36.2097206" lon="-115.0550441"><ele>661.81</ele><time>2026-10-01T18:01:45.900Z</time></trkpt><trkpt lat="36.2097324" lon="-115.0549893"><ele>661.86</ele><time>2026-10-01T18:01:46.000Z</time></trkpt><trkpt lat="36.2097443" lon="-115.0549345"><ele>661.91</ele><time>2026-10-01T18:01:46.100Z</time></trkpt><trkpt lat="36.2097561" lon="-115.0548797"><ele>661.96</ele><time>2026-10-01T18:01:46.200Z</time></trkpt><trkpt lat="36.2097680" lon="-115.0548249"><ele>662.01</ele><time>2026-10-01T18:01:46.300Z</time></trkpt><trkpt lat="36.2097798" lon="-115.0547701"><ele>662.06</ele><time>2026-10-01T18:01:46.400Z</time></trkpt><trkpt lat="36.2097917" lon="-115.0547153"><ele>662.11</ele><time>2026-10-01T18:01:46.500Z</time></trkpt><trkpt lat="36.2098035" lon="-115.0546605"><ele>662.17</ele><time>2026-10-01T18:01:46.600Z</time></trkpt><trkpt lat="36.2098154" lon="-115.0546057"><ele>662.22</ele><time>2026-10-01T18:01:46.700Z</time></trkpt><trkpt lat="36.2098272" lon="-115.0545509"><ele>662.27</ele><time>2026-10-01T18:01:46.800Z</time></trkpt><trkpt lat="36.2098391" lon="-115.0544961"><ele>662.32</ele><time>2026-10-01T18:01:46.900Z</time></trkpt><trkpt lat="36.2098509" lon="-115.0544413"><ele>662.37</ele><time>2026-10-01T18:01:47.000Z</time></trkpt><trkpt lat="36.2098628" lon="-115.0543865"><ele>662.42</ele><time>2026-10-01T18:01:47.100Z</time></trkpt><trkpt lat="36.2098746" lon="-115.0543317"><ele>662.47</ele><time>2026-10-01T18:01:47.200Z</time></trkpt><trkpt lat="36.2098865" lon="-115.0542769"><ele>662.52</ele><time>2026-10-01T18:01:47.300Z</time></trkpt><trkpt lat="36.2098983" lon="-115.0542221"><ele>662.57</ele><time>2026-10-01T18:01:47.400Z</time></trkpt><trkpt lat="36.2099102" lon="-115.0541673"><ele>662.62</ele><time>2026-10-01T18:01:47.500Z</time></trkpt><trkpt lat="36.2099220" lon="-115.0541125"><ele>662.68</ele><time>2026-10-01T18:01:47.600Z</time></trkpt><trkpt lat="36.2099338" lon="-115.0540577"><ele>662.73</ele><time>2026-10-01T18:01:47.700Z</time></trkpt><trkpt lat="36.2099457" lon="-115.0540029"><ele>662.78</ele><time>2026-10-01T18:01:47.800Z</time></trkpt><trkpt lat="36.2099575" lon="-115.0539481"><ele>662.83</ele><time>2026-10-01T18:01:47.900Z</time></trkpt><trkpt lat="36.2099694" lon="-115.0538933"><ele>662.88</ele><time>2026-10-01T18:01:48.000Z</time></trkpt><trkpt lat="36.2099812" lon="-115.0538385"><ele>662.93</ele><time>2026-10-01T18:01:48.100Z</time></trkpt><trkpt lat="36.2099931" lon="-115.0537837"><ele>662.98</ele><time>2026-10-01T18:01:48.200Z</time></trkpt><trkpt lat="36.2100049" lon="-115.0537289"><ele>663.03</ele><time>2026-10-01T18:01:48.300Z</time></trkpt><trkpt lat="36.2100168" lon="-115.0536741"><ele>663.08</ele><time>2026-10-01T18:01:48.400Z</time></trkpt><trkpt lat="36.2100286" lon="-115.0536193"><ele>663.13</ele><time>2026-10-01T18:01:48.500Z</time></trkpt><trkpt lat="36.2100405" lon="-115.0535645"><ele>663.18</ele><time>2026-10-01T18:01:48.600Z</time></trkpt><trkpt lat="36.2100523" lon="-115.0535097"><ele>663.24</ele><time>2026-10-01T18:01:48.700Z</time></trkpt><trkpt lat="36.2100642" lon="-115.0534549"><ele>663.29</ele><time>2026-10-01T18:01:48.800Z</time></trkpt><trkpt lat="36.2100760" lon="-115.0534001"><ele>663.34</ele><time>2026-10-01T18:01:48.900Z</time></trkpt><trkpt lat="36.2100879" lon="-115.0533453"><ele>663.39</ele><time>2026-10-01T18:01:49.000Z</time></trkpt><trkpt lat="36.2100997" lon="-115.0532905"><ele>663.44</ele><time>2026-10-01T18:01:49.100Z</time></trkpt><trkpt lat="36.2101116" lon="-115.0532357"><ele>663.49</ele><time>2026-10-01T18:01:49.200Z</time></trkpt><trkpt lat="36.2101234" lon="-115.0531809"><ele>663.54</ele><time>2026-10-01T18:01:49.300Z</time></trkpt><trkpt lat="36.2101353" lon="-115.0531261"><ele>663.59</ele><time>2026-10-01T18:01:49.400Z</time></trkpt><trkpt lat="36.2101471" lon="-115.0530713"><ele>663.64</ele><time>2026-10-01T18:01:49.500Z</time></trkpt><trkpt lat="36.2101590" lon="-115.0530165"><ele>663.69</ele><time>2026-10-01T18:01:49.600Z</time></trkpt><trkpt lat="36.2101708" lon="-115.0529617"><ele>663.75</ele><time>2026-10-01T18:01:49.700Z</time></trkpt><trkpt lat="36.2101827" lon="-115.0529069"><ele>663.80</ele><time>2026-10-01T18:01:49.800Z</time></trkpt><trkpt lat="36.2101945" lon="-115.0528521"><ele>663.85</ele><time>2026-10-01T18:01:49.900Z</time></trkpt><trkpt lat="36.2102064" lon="-115.0527973"><ele>663.90</ele><time>2026-10-01T18:01:50.000Z</time></trkpt><trkpt lat="36.2102182" lon="-115.0527425"><ele>663.95</ele><time>2026-10-01T18:01:50.100Z</time></trkpt><trkpt lat="36.2102301" lon="-115.0526877"><ele>664.00</ele><time>2026-10-01T18:01:50.200Z</time></trkpt><trkpt lat="36.2102419" lon="-115.0526329"><ele>664.05</ele><time>2026-10-01T18:01:50.300Z</time></trkpt><trkpt lat="36.2102538" lon="-115.0525781"><ele>664.10</ele><time>2026-10-01T18:01:50.400Z</time></trkpt><trkpt lat="36.2102656" lon="-115.0525233"><ele>664.15</ele><time>2026-10-01T18:01:50.500Z</time></trkpt><trkpt lat="36.2102775" lon="-115.0524685"><ele>664.20</ele><time>2026-10-01T18:01:50.600Z</time></trkpt><trkpt lat="36.2102893" lon="-115.0524137"><ele>664.26</ele><time>2026-10-01T18:01:50.700Z</time></trkpt><trkpt lat="36.2103012" lon="-115.0523589"><ele>664.31</ele><time>2026-10-01T18:01:50.800Z</time></trkpt><trkpt lat="36.2103130" lon="-115.0523041"><ele>664.36</ele><time>2026-10-01T18:01:50.900Z</time></trkpt><trkpt lat="36.2103249" lon="-115.0522493"><ele>664.41</ele><time>2026-10-01T18:01:51.000Z</time></trkpt><trkpt lat="36.2103367" lon="-115.0521945"><ele>664.46</ele><time>2026-10-01T18:01:51.100Z</time></trkpt><trkpt lat="36.2103486" lon="-115.0521397"><ele>664.51</ele><time>2026-10-01T18:01:51.200Z</time></trkpt><trkpt lat="36.2103604" lon="-115.0520849"><ele>664.56</ele><time>2026-10-01T18:01:51.300Z</time></trkpt><trkpt lat="36.2103723" lon="-115.0520301"><ele>664.61</ele><time>2026-10-01T18:01:51.400Z</time></trkpt><trkpt lat="36.2103841" lon="-115.0519753"><ele>664.66</ele><time>2026-10-01T18:01:51.500Z</time></trkpt><trkpt lat="36.2103960" lon="-115.0519205"><ele>664.71</ele><time>2026-10-01T18:01:51.600Z</time></trkpt><trkpt lat="36.2104078" lon="-115.0518657"><ele>664.76</ele><time>2026-10-01T18:01:51.700Z</time></trkpt><trkpt lat="36.2104196" lon="-115.0518109"><ele>664.82</ele><time>2026-10-01T18:01:51.800Z</time></trkpt><trkpt lat="36.2104315" lon="-115.0517561"><ele>664.87</ele><time>2026-10-01T18:01:51.900Z</time></trkpt><trkpt lat="36.2104433" lon="-115.0517013"><ele>664.92</ele><time>2026-10-01T18:01:52.000Z</time></trkpt><trkpt lat="36.2104552" lon="-115.0516465"><ele>664.97</ele><time>2026-10-01T18:01:52.100Z</time></trkpt><trkpt lat="36.2104670" lon="-115.0515917"><ele>665.02</ele><time>2026-10-01T18:01:52.200Z</time></trkpt><trkpt lat="36.2104789" lon="-115.0515369"><ele>665.07</ele><time>2026-10-01T18:01:52.300Z</time></trkpt><trkpt lat="36.2104907" lon="-115.0514822"><ele>665.12</ele><time>2026-10-01T18:01:52.400Z</time></trkpt><trkpt lat="36.2105026" lon="-115.0514274"><ele>665.17</ele><time>2026-10-01T18:01:52.500Z</time></trkpt><trkpt lat="36.2105144" lon="-115.0513726"><ele>665.22</ele><time>2026-10-01T18:01:52.600Z</time></trkpt><trkpt lat="36.2105263" lon="-115.0513178"><ele>665.27</ele><time>2026-10-01T18:01:52.700Z</time></trkpt><trkpt lat="36.2105381" lon="-115.0512630"><ele>665.33</ele><time>2026-10-01T18:01:52.800Z</time></trkpt><trkpt lat="36.2105500" lon="-115.0512082"><ele>665.38</ele><time>2026-10-01T18:01:52.900Z</time></trkpt><trkpt lat="36.2105618" lon="-115.0511534"><ele>665.43</ele><time>2026-10-01T18:01:53.000Z</time></trkpt><trkpt lat="36.2105737" lon="-115.0510986"><ele>665.48</ele><time>2026-10-01T18:01:53.100Z</time></trkpt><trkpt lat="36.2105855" lon="-115.0510438"><ele>665.53</ele><time>2026-10-01T18:01:53.200Z</time></trkpt><trkpt lat="36.2105974" lon="-115.0509890"><ele>665.58</ele><time>2026-10-01T18:01:53.300Z</time></trkpt><trkpt lat="36.2106092" lon="-115.0509342"><ele>665.63</ele><time>2026-10-01T18:01:53.400Z</time></trkpt><trkpt lat="36.2106211" lon="-115.0508794"><ele>665.68</ele><time>2026-10-01T18:01:53.500Z</time></trkpt><trkpt lat="36.2106329" lon="-115.0508246"><ele>665.73</ele><time>2026-10-01T18:01:53.600Z</time></trkpt><trkpt lat="36.2106448" lon="-115.0507698"><ele>665.78</ele><time>2026-10-01T18:01:53.700Z</time></trkpt><trkpt lat="36.2106566" lon="-115.0507150"><ele>665.83</ele><time>2026-10-01T18:01:53.800Z</time></trkpt><trkpt lat="36.2106685" lon="-115.0506602"><ele>665.89</ele><time>2026-10-01T18:01:53.900Z</time></trkpt><trkpt lat="36.2106803" lon="-115.0506054"><ele>665.94</ele><time>2026-10-01T18:01:54.000Z</time></trkpt><trkpt lat="36.2106922" lon="-115.0505506"><ele>665.99</ele><time>2026-10-01T18:01:54.100Z</time></trkpt><trkpt lat="36.2107040" lon="-115.0504958"><ele>666.04</ele><time>2026-10-01T18:01:54.200Z</time></trkpt><trkpt lat="36.2107159" lon="-115.0504410"><ele>666.09</ele><time>2026-10-01T18:01:54.300Z</time></trkpt><trkpt lat="36.2107277" lon="-115.0503862"><ele>666.14</ele><time>2026-10-01T18:01:54.400Z</time></trkpt><trkpt lat="36.2107396" lon="-115.0503314"><ele>666.19</ele><time>2026-10-01T18:01:54.500Z</time></trkpt><trkpt lat="36.2107514" lon="-115.0502766"><ele>666.24</ele><time>2026-10-01T18:01:54.600Z</time></trkpt><trkpt lat="36.2107633" lon="-115.0502218"><ele>666.29</ele><time>2026-10-01T18:01:54.700Z</time></trkpt><trkpt lat="36.2107751" lon="-115.0501670"><ele>666.34</ele><time>2026-10-01T18:01:54.800Z</time></trkpt><trkpt lat="36.2107870" lon="-115.0501122"><ele>666.40</ele><time>2026-10-01T18:01:54.900Z</time></trkpt><trkpt lat="36.2107988" lon="-115.0500574"><ele>666.45</ele><time>2026-10-01T18:01:55.000Z</time></trkpt><trkpt lat="36.2108107" lon="-115.0500026"><ele>666.50</ele><time>2026-10-01T18:01:55.100Z</time></trkpt><trkpt lat="36.2108225" lon="-115.0499478"><ele>666.55</ele><time>2026-10-01T18:01:55.200Z</time></trkpt><trkpt lat="36.2108344" lon="-115.0498930"><ele>666.60</ele><time>2026-10-01T18:01:55.300Z</time></trkpt><trkpt lat="36.2108462" lon="-115.0498382"><ele>666.65</ele><time>2026-10-01T18:01:55.400Z</time></trkpt><trkpt lat="36.2108581" lon="-115.0497834"><ele>666.70</ele><time>2026-10-01T18:01:55.500Z</time></trkpt><trkpt lat="36.2108699" lon="-115.0497286"><ele>666.75</ele><time>2026-10-01T18:01:55.600Z</time></trkpt><trkpt lat="36.2108818" lon="-115.0496738"><ele>666.80</ele><time>2026-10-01T18:01:55.700Z</time></trkpt><trkpt lat="36.2108936" lon="-115.0496190"><ele>666.85</ele><time>2026-10-01T18:01:55.800Z</time></trkpt><trkpt lat="36.2109054" lon="-115.0495642"><ele>666.91</ele><time>2026-10-01T18:01:55.900Z</time></trkpt><trkpt lat="36.2109173" lon="-115.0495094"><ele>666.96</ele><time>2026-10-01T18:01:56.000Z</time></trkpt><trkpt lat="36.2109291" lon="-115.0494546"><ele>667.01</ele><time>2026-10-01T18:01:56.100Z</time></trkpt><trkpt lat="36.2109410" lon="-115.0493998"><ele>667.06</ele><time>2026-10-01T18:01:56.200Z</time></trkpt><trkpt lat="36.2109528" lon="-115.0493450"><ele>667.11</ele><time>2026-10-01T18:01:56.300Z</time></trkpt><trkpt lat="36.2109647" lon="-115.0492902"><ele>667.16</ele><time>2026-10-01T18:01:56.400Z</time></trkpt><trkpt lat="36.2109765" lon="-115.0492354"><ele>667.21</ele><time>2026-10-01T18:01:56.500Z</time></trkpt><trkpt lat="36.2109884" lon="-115.0491806"><ele>667.26</ele><time>2026-10-01T18:01:56.600Z</time></trkpt><trkpt lat="36.2110002" lon="-115.0491258"><ele>667.31</ele><time>2026-10-01T18:01:56.700Z</time></trkpt><trkpt lat="36.2110121" lon="-115.0490710"><ele>667.36</ele><time>2026-10-01T18:01:56.800Z</time></trkpt><trkpt lat="36.2110239" lon="-115.0490162"><ele>667.41</ele><time>2026-10-01T18:01:56.900Z</time></trkpt><trkpt lat="36.2110358" lon="-115.0489614"><ele>667.47</ele><time>2026-10-01T18:01:57.000Z</time></trkpt><trkpt lat="36.2110476" lon="-115.0489066"><ele>667.52</ele><time>2026-10-01T18:01:57.100Z</time></trkpt><trkpt lat="36.2110595" lon="-115.0488518"><ele>667.57</ele><time>2026-10-01T18:01:57.200Z</time></trkpt><trkpt lat="36.2110713" lon="-115.0487970"><ele>667.62</ele><time>2026-10-01T18:01:57.300Z</time></trkpt><trkpt lat="36.2110832" lon="-115.0487422"><ele>667.67</ele><time>2026-10-01T18:01:57.400Z</time></trkpt><trkpt lat="36.2110950" lon="-115.0486874"><ele>667.72</ele><time>2026-10-01T18:01:57.500Z</time></trkpt><trkpt lat="36.2111069" lon="-115.0486326"><ele>667.77</ele><time>2026-10-01T18:01:57.600Z</time></trkpt><trkpt lat="36.2111187" lon="-115.0485778"><ele>667.82</ele><time>2026-10-01T18:01:57.700Z</time></trkpt><trkpt lat="36.2111306" lon="-115.0485230"><ele>667.87</ele><time>2026-10-01T18:01:57.800Z</time></trkpt><trkpt lat="36.2111424" lon="-115.0484682"><ele>667.92</ele><time>2026-10-01T18:01:57.900Z</time></trkpt><trkpt lat="36.2111543" lon="-115.0484134"><ele>667.98</ele><time>2026-10-01T18:01:58.000Z</time></trkpt><trkpt lat="36.2111661" lon="-115.0483586"><ele>668.03</ele><time>2026-10-01T18:01:58.100Z</time></trkpt><trkpt lat="36.2111780" lon="-115.0483038"><ele>668.08</ele><time>2026-10-01T18:01:58.200Z</time></trkpt><trkpt lat="36.2111898" lon="-115.0482490"><ele>668.13</ele><time>2026-10-01T18:01:58.300Z</time></trkpt><trkpt lat="36.2112017" lon="-115.0481942"><ele>668.18</ele><time>2026-10-01T18:01:58.400Z</time></trkpt><trkpt lat="36.2112135" lon="-115.0481394"><ele>668.23</ele><time>2026-10-01T18:01:58.500Z</time></trkpt><trkpt lat="36.2112254" lon="-115.0480846"><ele>668.28</ele><time>2026-10-01T18:01:58.600Z</time></trkpt><trkpt lat="36.2112372" lon="-115.0480298"><ele>668.33</ele><time>2026-10-01T18:01:58.700Z</time></trkpt><trkpt lat="36.2112491" lon="-115.0479750"><ele>668.38</ele><time>2026-10-01T18:01:58.800Z</time></trkpt><trkpt lat="36.2112609" lon="-115.0479202"><ele>668.43</ele><time>2026-10-01T18:01:58.900Z</time></trkpt><trkpt lat="36.2112728" lon="-115.0478654"><ele>668.48</ele><time>2026-10-01T18:01:59.000Z</time></trkpt><trkpt lat="36.2112846" lon="-115.0478106"><ele>668.54</ele><time>2026-10-01T18:01:59.100Z</time></trkpt><trkpt lat="36.2112965" lon="-115.0477558"><ele>668.59</ele><time>2026-10-01T18:01:59.200Z</time></trkpt><trkpt lat="36.2113083" lon="-115.0477010"><ele>668.64</ele><time>2026-10-01T18:01:59.300Z</time></trkpt><trkpt lat="36.2113202" lon="-115.0476462"><ele>668.69</ele><time>2026-10-01T18:01:59.400Z</time></trkpt><trkpt lat="36.2113320" lon="-115.0475914"><ele>668.74</ele><time>2026-10-01T18:01:59.500Z</time></trkpt><trkpt lat="36.2113439" lon="-115.0475366"><ele>668.79</ele><time>2026-10-01T18:01:59.600Z</time></trkpt><trkpt lat="36.2113557" lon="-115.0474819"><ele>668.84</ele><time>2026-10-01T18:01:59.700Z</time></trkpt><trkpt lat="36.2113676" lon="-115.0474271"><ele>668.89</ele><time>2026-10-01T18:01:59.800Z</time></trkpt><trkpt lat="36.2113794" lon="-115.0473723"><ele>668.94</ele><time>2026-10-01T18:01:59.900Z</time></trkpt></trkseg></trk></gpx>